id	pass	pass_theme	name	problem	mechanism	donor	why_missed	benefit	friction	machine_cost	risks	test	related	related_ids	novelty	verdict
L001	1	Units and proof	Capability as the unit	[pass] learning is counted by exposure, not by demonstrated capability	the curriculum unit is a reusable mechanism, not a topic or a book	competency-based education; threshold concepts (Meyer & Land)	[pass] courses count hours and completions	[pass] credit only for capability shown unaided and later	L	L	[pass] slower visible progress	[pass] delayed unaided far-transfer items	[computed] Taste + mechanism; Alien curriculum generator	L457 O5208	KNOWN	S
L002	1	Units and proof	Predict before tell	[pass] learning is counted by exposure, not by demonstrated capability	every idea opens with a committed prediction	predict-observe-explain; productive failure (Kapur)	[pass] courses count hours and completions	[pass] credit only for capability shown unaided and later	L	L	[pass] slower visible progress	[pass] delayed unaided far-transfer items	[computed] Uncertainty sense; Surprise-weighted memory	O4709 L106	KNOWN	S
L003	1	Units and proof	Error as an address	[pass] learning is counted by exposure, not by demonstrated capability	each wrong option points to a named misconception with its repair	bug libraries in ITS (Brown & Burton, BUGGY)	[pass] courses count hours and completions	[pass] credit only for capability shown unaided and later	L	L	[pass] slower visible progress	[pass] delayed unaided far-transfer items	[computed] Debug a wrong explanation; Errors that teach	L048 L169	KNOWN	S
L004	1	Units and proof	Delayed proof	[pass] learning is counted by exposure, not by demonstrated capability	nothing counts as learned until shown unaided days later	retention tests; spacing research	[pass] courses count hours and completions	[pass] credit only for capability shown unaided and later	L	L	[pass] slower visible progress	[pass] delayed unaided far-transfer items	[computed] Quorum before "learned"; Grade-free record	L177 O4102	KNOWN	S
L005	1	Units and proof	Transfer as the only credit	[pass] learning is counted by exposure, not by demonstrated capability	a skill is credited only when used in a new domain	transfer assessment (Barnett & Ceci)	[pass] courses count hours and completions	[pass] credit only for capability shown unaided and later	L	L	[pass] slower visible progress	[pass] delayed unaided far-transfer items	[computed] Formalism on request; Discovered prerequisites	L350 L033	KNOWN	S
L006	1	Units and proof	Minimum effective dose	[pass] learning is counted by exposure, not by demonstrated capability	compute the smallest session that changes capability; stop there	time-boxing; none precise	[pass] courses count hours and completions	[pass] credit only for capability shown unaided and later	L	L	[pass] slower visible progress	[pass] delayed unaided far-transfer items	[computed] Metabolic dose; Stop as success	L073 O6318	KNOWN	S
L007	1	Units and proof	Confidence on every answer	[pass] learning is counted by exposure, not by demonstrated capability	the learner stakes a confidence; honesty is scored	certainty-based marking (Gardner-Medwin)	[pass] courses count hours and completions	[pass] credit only for capability shown unaided and later	L	L	[pass] slower visible progress	[pass] delayed unaided far-transfer items	[computed] Weather-forecast verification; Event journal	O6614 L149	KNOWN	S
L008	1	Units and proof	One representation a day	[pass] learning is counted by exposure, not by demonstrated capability	teach each idea one way only to reduce load	multimedia learning research (Mayer) argues for more than one	[pass] courses count hours and completions	[pass] credit only for capability shown unaided and later	L	L	rejected: contradicted by evidence	[pass] delayed unaided far-transfer items	[computed] One-missing-step entry; One idea per session	O4901 O4413	KNOWN	R:EVID
L009	1	Units and proof	Question, not topic	[pass] learning is counted by exposure, not by demonstrated capability	a session is named by the question it answers	curiosity research (Gruber 2014)	[pass] courses count hours and completions	[pass] credit only for capability shown unaided and later	L	L	[pass] slower visible progress	[pass] delayed unaided far-transfer items	[computed] Question lineage cards; Great-question door	O5304 O5307	KNOWN	[computed] M:Capability as the unit
L010	1	Units and proof	Protégé effect	[pass] learning is counted by exposure, not by demonstrated capability	learner teaches a simulated novice	Betty's Brain (Biswas)	[pass] courses count hours and completions	[pass] credit only for capability shown unaided and later	L	L	[pass] slower visible progress	[pass] delayed unaided far-transfer items	[computed] Generation effect; Peer-review simulation	L305 L194	KNOWN	[computed] M:Confidence on every answer
L011	1	Units and proof	Rebuild test	[pass] learning is counted by exposure, not by demonstrated capability	the learner reconstructs the model with the lesson hidden	generation/reconstruction tasks	[pass] courses count hours and completions	[pass] credit only for capability shown unaided and later	L	L	[pass] slower visible progress	[pass] delayed unaided far-transfer items	[computed] Explorable model as the unit; Hidden machinery	L041 L148	KNOWN	S
L012	1	Units and proof	Label after concept	[pass] learning is counted by exposure, not by demonstrated capability	technical terms only after the idea exists	concept-before-label pedagogy	[pass] courses count hours and completions	[pass] credit only for capability shown unaided and later	L	L	[pass] slower visible progress	[pass] delayed unaided far-transfer items	[computed] Assimilation test; Definitions after concepts	O5602 L362	KNOWN	S
L013	1	Units and proof	Explain-to-a-child check	[pass] learning is counted by exposure, not by demonstrated capability	compress an idea for a novice	Feynman-technique folklore	[pass] courses count hours and completions	[pass] credit only for capability shown unaided and later	L	L	[pass] slower visible progress	[pass] delayed unaided far-transfer items	[computed] Three-encoding check; Invasive-idea check	L111 O7015	KNOWN	[computed] M:Predict before tell
L014	2	Cross-domain mapping	Mechanism-indexed map	[pass] ideas stay inside the field that taught them	one mechanism shown across war, medicine, music, business	"mental models" lists; complexity science	[pass] departments teach in silos	[pass] mechanisms recognised across fields	L	M	[pass] false analogies	[pass] far-transfer items across fields	[computed] Art and science pairing; Medicine as a mechanism donor	O5007 O5005	KNOWN	S
L015	2	Cross-domain mapping	Problem-first tours	[pass] ideas stay inside the field that taught them	a real problem pulls in whatever fields it needs	problem-based learning	[pass] departments teach in silos	[pass] mechanisms recognised across fields	L	M	[pass] false analogies	[pass] far-transfer items across fields	[computed] Failure-first; Alien problem protocol	L050 O6007	KNOWN	[computed] M:Mechanism-indexed map
L016	2	Cross-domain mapping	Domain distance score	[pass] ideas stay inside the field that taught them	each transfer item tagged by how far it travels	Barnett & Ceci taxonomy	[pass] departments teach in silos	[pass] mechanisms recognised across fields	L	M	[pass] false analogies	[pass] far-transfer items across fields	[computed] Domain entry cost; Analogical distance ladder	O4518 L322	KNOWN	S
L017	2	Cross-domain mapping	Dependency timeline	[pass] ideas stay inside the field that taught them	ideas ordered by dependency, not discipline	concept maps	[pass] departments teach in silos	[pass] mechanisms recognised across fields	L	M	rejected: cannot be measured	[pass] far-transfer items across fields	[computed] Gossip; Cultural evolution of ideas	L175 L412	KNOWN	R:UNTEST
L018	2	Cross-domain mapping	Analogy pair as the unit	[pass] ideas stay inside the field that taught them	two analogs taught together	analogical encoding (Gentner)	[pass] departments teach in silos	[pass] mechanisms recognised across fields	L	M	[pass] false analogies	[pass] far-transfer items across fields	[computed] Schema induction; Case contrast as the unit	L313 L042	KNOWN	[computed] M:Same-shape detector
L019	2	Cross-domain mapping	Same-shape detector	[pass] ideas stay inside the field that taught them	three cases; which two share structure?	odd-one-out category learning	[pass] departments teach in silos	[pass] mechanisms recognised across fields	L	M	[pass] false analogies	[pass] far-transfer items across fields	[computed] Case contrast as the unit; Alien pairs	L042 O5216	KNOWN	S
L020	2	Cross-domain mapping	Discipline lens toggle	[pass] ideas stay inside the field that taught them	the same event through economics, psychology, history	multiple-perspectives teaching	[pass] departments teach in silos	[pass] mechanisms recognised across fields	L	M	[pass] false analogies	[pass] far-transfer items across fields	[computed] Lens toggle; Time-scale switching	O5501 L382	KNOWN	S
L021	2	Cross-domain mapping	Hide subject labels	[pass] ideas stay inside the field that taught them	remove subject names from the UI	interdisciplinary curricula	[pass] departments teach in silos	[pass] mechanisms recognised across fields	L	M	rejected: decoration or gamification	[pass] far-transfer items across fields	[computed] Dead-content elimination; Creation with a user	L161 O5811	KNOWN	R:SLOP
L022	2	Cross-domain mapping	World map of primitives	[pass] ideas stay inside the field that taught them	a map of mechanisms instead of a course list	knowledge maps (Khan)	[pass] departments teach in silos	[pass] mechanisms recognised across fields	L	M	[pass] false analogies	[pass] far-transfer items across fields	[computed] Book → primitives; World-model gap map	L126 O5610	KNOWN	[computed] M:Mechanism-indexed map
L023	2	Cross-domain mapping	Borrowed rigor	[pass] ideas stay inside the field that taught them	each mechanism paired with its strongest native formalism	mixed-methods research	[pass] departments teach in silos	[pass] mechanisms recognised across fields	L	M	[pass] false analogies	[pass] far-transfer items across fields	[computed] Taste + mechanism; Mechanism genealogy	L457 O4510	KNOWN	S
L024	2	Cross-domain mapping	Anti-silo hooks	[pass] ideas stay inside the field that taught them	warm-ups come from other sessions than today's	interleaving (Brunmair & Richter)	[pass] departments teach in silos	[pass] mechanisms recognised across fields	L	M	[pass] false analogies	[pass] far-transfer items across fields	[computed] Prefetch; Import other curricula's sessions	L132 L035	KNOWN	S
L025	2	Cross-domain mapping	Question genealogy	[pass] ideas stay inside the field that taught them	trace a question across fields	history of ideas	[pass] departments teach in silos	[pass] mechanisms recognised across fields	L	M	[pass] false analogies	[pass] far-transfer items across fields	[computed] Concept genealogy; Question lineage cards	L378 O5304	KNOWN	[computed] M:Mechanism-indexed map
L026	2	Cross-domain mapping	Primitive × domain matrix	[pass] ideas stay inside the field that taught them	find empty cells and fill them	Mendeleev-style gap search	[pass] departments teach in silos	[pass] mechanisms recognised across fields	L	M	[pass] false analogies	[pass] far-transfer items across fields	[computed] Case finder; Verified pairs P(t)	L497 O6301	KNOWN	S
L027	3	Curriculum shape	Seasons, not courses	[pass] courses are fixed sequences sized for institutions	six primitives per season; no final exam	serial media	[pass] syllabi serve cohorts and calendars	[pass] a curriculum sized to one life and its evidence	L	M	[pass] drift without structure	[pass] season-level delayed results	[computed] Semester final; Spiral reuse	O4120 L065	KNOWN	S
L028	3	Curriculum shape	Just-in-time primitive	[pass] courses are fixed sequences sized for institutions	teach when life presents the problem	JIT learning	[pass] syllabi serve cohorts and calendars	[pass] a curriculum sized to one life and its evidence	L	M	[pass] drift without structure	[pass] season-level delayed results	[computed] Backpressure; Speciation	L179 L082	KNOWN	S
L029	3	Curriculum shape	Retirement rule	[pass] courses are fixed sequences sized for institutions	retire a primitive when delayed far transfer is steady	mastery learning (Bloom)	[pass] syllabi serve cohorts and calendars	[pass] a curriculum sized to one life and its evidence	L	M	[pass] drift without structure	[pass] season-level delayed results	[computed] Idea retirement ceremony; Transfer without cue	O5620 O6016	KNOWN	S
L030	3	Curriculum shape	Weakness-driven graph walk	[pass] courses are fixed sequences sized for institutions	next topic chosen by weakest node	adaptive learning platforms	[pass] syllabi serve cohorts and calendars	[pass] a curriculum sized to one life and its evidence	L	M	rejected: renamed existing idea	[pass] season-level delayed results	[computed] Adjacent field suggestion; Adjacent-possible choice	O5017 O6207	KNOWN	R:DUP
L031	3	Curriculum shape	Rolling syllabus	[pass] courses are fixed sequences sized for institutions	season rewritten weekly from evidence	agile curricula	[pass] syllabi serve cohorts and calendars	[pass] a curriculum sized to one life and its evidence	L	M	[pass] drift without structure	[pass] season-level delayed results	[computed] Evidence ledger; Syllabus as hypothesis	L484 O4103	KNOWN	[computed] M:No completion bars
L032	3	Curriculum shape	Micro-season	[pass] courses are fixed sequences sized for institutions	three sessions for one hard idea	micro-credentials	[pass] syllabi serve cohorts and calendars	[pass] a curriculum sized to one life and its evidence	L	M	[pass] drift without structure	[pass] season-level delayed results	[computed] Season compiler; One idea per session	L157 O4413	KNOWN	S
L033	3	Curriculum shape	Discovered prerequisites	[pass] courses are fixed sequences sized for institutions	prerequisites found only when the learner fails	prerequisite compression	[pass] syllabi serve cohorts and calendars	[pass] a curriculum sized to one life and its evidence	L	M	[pass] drift without structure	[pass] season-level delayed results	[computed] Formalism on request; Reality veto	L350 O4216	KNOWN	S
L034	3	Curriculum shape	Pick by hook	[pass] courses are fixed sequences sized for institutions	choose among three questions with no topic names	choice and curiosity	[pass] syllabi serve cohorts and calendars	[pass] a curriculum sized to one life and its evidence	L	M	[pass] drift without structure	[pass] season-level delayed results	[computed] Autonomy; Three-boxes drill	L301 O4301	KNOWN	S
L035	3	Curriculum shape	Import other curricula's sessions	[pass] courses are fixed sequences sized for institutions	remix open courses	OER remixing	[pass] syllabi serve cohorts and calendars	[pass] a curriculum sized to one life and its evidence	L	M	rejected: rights problem	[pass] season-level delayed results	[computed] Alien-first sessions; Anti-silo hooks	O5218 L024	KNOWN	R:COPY
L036	3	Curriculum shape	Life-event trigger	[pass] courses are fixed sequences sized for institutions	a negotiation next week pulls the incentives session forward	just-in-time learning	[pass] syllabi serve cohorts and calendars	[pass] a curriculum sized to one life and its evidence	L	M	[pass] drift without structure	[pass] season-level delayed results	[computed] Life-as-lab forge; Interrupts	L054 L136	KNOWN	S
L037	3	Curriculum shape	No completion bars	[pass] courses are fixed sequences sized for institutions	never show % of a season done	anti-gamification critiques	[pass] syllabi serve cohorts and calendars	[pass] a curriculum sized to one life and its evidence	L	M	[pass] drift without structure	[pass] season-level delayed results	[computed] Unaided hooks; Auto-season from a book	O6001 L505	KNOWN	S
L038	3	Curriculum shape	Archive with reason	[pass] courses are fixed sequences sized for institutions	retired content kept with the reason	archival appraisal	[pass] syllabi serve cohorts and calendars	[pass] a curriculum sized to one life and its evidence	L	M	[pass] drift without structure	[pass] season-level delayed results	[computed] Extinction log; Retired-method archive	L083 O6518	KNOWN	S
L039	3	Curriculum shape	Year budget	[pass] courses are fixed sequences sized for institutions	25 min/day ≈ 150 h/year, allocated like capital	time budgeting	[pass] syllabi serve cohorts and calendars	[pass] a curriculum sized to one life and its evidence	L	M	[pass] drift without structure	[pass] season-level delayed results	[computed] Time-horizon switch; Hook budget cap	O5505 O5618	KNOWN	S
L040	4	Session unit	Decisive question as the unit	[pass] the lesson is a monologue on a topic	one question carries the lesson	Socratic questioning	[pass] lecture is the default format	[pass] each session built around one decision-bearing unit	L	M	[pass] fragmentation	[pass] in-session and delayed accuracy by unit type	[computed] No deadlock; Explorable model as the unit	L151 L041	KNOWN	S
L041	4	Session unit	Explorable model as the unit	[pass] the lesson is a monologue on a topic	a model you change is the lesson	explorable explanations (Victor; Case)	[pass] lecture is the default format	[pass] each session built around one decision-bearing unit	L	M	[pass] fragmentation	[pass] in-session and delayed accuracy by unit type	[computed] Decisive question as the unit; Rebuild test	L040 L011	KNOWN	S
L042	4	Session unit	Case contrast as the unit	[pass] the lesson is a monologue on a topic	two cases side by side	contrasting cases (Alfieri et al.)	[pass] lecture is the default format	[pass] each session built around one decision-bearing unit	L	M	[pass] fragmentation	[pass] in-session and delayed accuracy by unit type	[computed] Parallel primitives; Analogy pair as the unit	L140 L018	KNOWN	S
L043	4	Session unit	Two-minute clicks	[pass] the lesson is a monologue on a topic	tiny drills all day	microlearning	[pass] lecture is the default format	[pass] each session built around one decision-bearing unit	L	M	rejected: contradicted by evidence	[pass] in-session and delayed accuracy by unit type	[computed] Short-dose continuation; Hook budget cap	O6409 O5618	KNOWN	R:EVID
L044	4	Session unit	Primary artifact as the unit	[pass] the lesson is a monologue on a topic	a data table or passage is the lesson	primary-source pedagogy	[pass] lecture is the default format	[pass] each session built around one decision-bearing unit	L	M	[pass] fragmentation	[pass] in-session and delayed accuracy by unit type	[computed] Replicated sources; Decisive question as the unit	L181 L040	KNOWN	S
L045	4	Session unit	Argue with a historical position	[pass] the lesson is a monologue on a topic	defend Semmelweis's critics	role-play	[pass] lecture is the default format	[pass] each session built around one decision-bearing unit	L	M	[pass] fragmentation	[pass] in-session and delayed accuracy by unit type	[computed] Debate bot; Art as evidence	O5415 L240	KNOWN	[computed] M:Decisive question as the unit
L046	4	Session unit	Faded examples	[pass] the lesson is a monologue on a topic	worked → partly worked → solo	Renkl's fading	[pass] lecture is the default format	[pass] each session built around one decision-bearing unit	L	M	[pass] fragmentation	[pass] in-session and delayed accuracy by unit type	[computed] What-worked log; Egyptian examples first	L447 L370	KNOWN	S
L047	4	Session unit	Lessonless mode	[pass] the lesson is a monologue on a topic	mature primitives get only hooks and transfer	review decks	[pass] lecture is the default format	[pass] each session built around one decision-bearing unit	L	M	[pass] fragmentation	[pass] in-session and delayed accuracy by unit type	[computed] Taper before exams; Summary must pass a test	O7102 L123	KNOWN	S
L048	4	Session unit	Debug a wrong explanation	[pass] the lesson is a monologue on a topic	find the error in a plausible explanation	erroneous examples (Adams et al. 2014)	[pass] lecture is the default format	[pass] each session built around one decision-bearing unit	L	M	[pass] fragmentation	[pass] in-session and delayed accuracy by unit type	[computed] Explanation debugging; Error as an address	O6013 L003	KNOWN	S
L049	4	Session unit	Lesson as a level with a boss	[pass] the lesson is a monologue on a topic	game framing	games	[pass] lecture is the default format	[pass] each session built around one decision-bearing unit	L	M	rejected: decoration or gamification	[pass] in-session and delayed accuracy by unit type	[computed] Boss as story game; Multi-level boss	O6114 O6108	KNOWN	R:SLOP
L050	4	Session unit	Failure-first	[pass] the lesson is a monologue on a topic	see a real failure before the principle	case method	[pass] lecture is the default format	[pass] each session built around one decision-bearing unit	L	M	[pass] fragmentation	[pass] in-session and delayed accuracy by unit type	[computed] Pre-mortem; No single point of failure	L198 L406	KNOWN	[computed] M:Decisive question as the unit
L051	4	Session unit	One-sentence lesson	[pass] the lesson is a monologue on a topic	the whole lesson must fit one sentence	one-sentence summaries	[pass] lecture is the default format	[pass] each session built around one decision-bearing unit	L	M	[pass] fragmentation	[pass] in-session and delayed accuracy by unit type	[computed] Decisive question as the unit; Conversation seed	L040 L056	KNOWN	[computed] M:Decisive question as the unit
L052	4	Session unit	Dissolving lesson	[pass] the lesson is a monologue on a topic	steps disappear when a challenge is passed	expertise reversal (Kalyuga)	[pass] lecture is the default format	[pass] each session built around one decision-bearing unit	L	M	[pass] fragmentation	[pass] in-session and delayed accuracy by unit type	[computed] Specialist-generalist switch; Lesson as a level with a boss	O5020 L049	KNOWN	S
L053	5	Memory and the life bridge	Hooks inside later sessions	[pass] what is learned is not used or retained	memory kept by later sessions, not a review chore	mnemonic medium (Matuschak & Nielsen)	[pass] review is a separate chore; life is not measured	[pass] ideas kept alive inside later sessions and used in the week	L	L	[pass] self-report bias	[pass] hook accuracy and reality-tap rates	[computed] Memory without bureaucracy; Contradiction ledger	O5605 O5419	KNOWN	S
L054	5	Memory and the life bridge	Life-as-lab forge	[pass] what is learned is not used or retained	apply it this week	implementation intentions (Gollwitzer)	[pass] review is a separate chore; life is not measured	[pass] ideas kept alive inside later sessions and used in the week	L	L	[pass] self-report bias	[pass] hook accuracy and reality-tap rates	[computed] Life-minutes receipt; Teach someone	O6412 L061	KNOWN	S
L055	5	Memory and the life bridge	Moment prompts	[pass] what is learned is not used or retained	a prompt at the moment the mechanism appears in life	context-aware learning	[pass] review is a separate chore; life is not measured	[pass] ideas kept alive inside later sessions and used in the week	L	L	[pass] self-report bias	[pass] hook accuracy and reality-tap rates	[computed] Reflection prompts; Taste + mechanism	L455 L457	KNOWN	S
L056	5	Memory and the life bridge	Conversation seed	[pass] what is learned is not used or retained	one sentence to use with a friend	elaborative rehearsal	[pass] review is a separate chore; life is not measured	[pass] ideas kept alive inside later sessions and used in the week	L	L	[pass] self-report bias	[pass] hook accuracy and reality-tap rates	[computed] One-sentence lesson; Objective in plain words	L051 O6317	KNOWN	S
L057	5	Memory and the life bridge	Audio walks	[pass] what is learned is not used or retained	listen while walking	podcasts	[pass] review is a separate chore; life is not measured	[pass] ideas kept alive inside later sessions and used in the week	L	L	rejected: contradicted by evidence	[pass] hook accuracy and reality-tap rates	[computed] Wikipedia random walks; Audio cross-compile	L478 L167	KNOWN	R:EVID
L058	5	Memory and the life bridge	Observation quest	[pass] what is learned is not used or retained	spot one feedback loop today	noticing tasks	[pass] review is a separate chore; life is not measured	[pass] ideas kept alive inside later sessions and used in the week	L	L	[pass] self-report bias	[pass] hook accuracy and reality-tap rates	[computed] Rhythm as a loop; Intuition from many cases	L250 O5105	KNOWN	S
L059	5	Memory and the life bridge	Sleep before test	[pass] what is learned is not used or retained	the first hook comes after a night	sleep and consolidation	[pass] review is a separate chore; life is not measured	[pass] ideas kept alive inside later sessions and used in the week	L	L	[pass] self-report bias	[pass] hook accuracy and reality-tap rates	[computed] Sleep spacing; Failure-first	L328 L050	KNOWN	S
L060	5	Memory and the life bridge	Lock-screen diagrams	[pass] what is learned is not used or retained	passive exposure	ambient learning apps	[pass] review is a separate chore; life is not measured	[pass] ideas kept alive inside later sessions and used in the week	L	L	rejected: contradicted by evidence	[pass] hook accuracy and reality-tap rates	[computed] Causal model building; No pure-setup screen	L320 O4408	KNOWN	R:EVID
L061	5	Memory and the life bridge	Teach someone	[pass] what is learned is not used or retained	explain it to a person this week	learning by teaching	[pass] review is a separate chore; life is not measured	[pass] ideas kept alive inside later sessions and used in the week	L	L	[pass] self-report bias	[pass] hook accuracy and reality-tap rates	[computed] Life-as-lab forge; Life-minutes receipt	L054 O6412	KNOWN	S
L062	5	Memory and the life bridge	Journaling	[pass] what is learned is not used or retained	free reflection	learning journals	[pass] review is a separate chore; life is not measured	[pass] ideas kept alive inside later sessions and used in the week	L	L	rejected: open-ended thinking tax	[pass] hook accuracy and reality-tap rates	[computed] Reflection prompts; Free-text reflection box	L455 O4318	KNOWN	R:TAX
L063	5	Memory and the life bridge	Sketch it	[pass] what is learned is not used or retained	draw the loop on paper	drawing effect (Wammes et al.)	[pass] review is a separate chore; life is not measured	[pass] ideas kept alive inside later sessions and used in the week	L	L	[pass] self-report bias	[pass] hook accuracy and reality-tap rates	[computed] Rhythm as a loop; Tension curves	L250 L256	KNOWN	S
L064	5	Memory and the life bridge	Primitives inside medicine	[pass] what is learned is not used or retained	base rates shown inside CNS cases	clinical reasoning curricula	[pass] review is a separate chore; life is not measured	[pass] ideas kept alive inside later sessions and used in the week	L	L	[pass] self-report bias	[pass] hook accuracy and reality-tap rates	[computed] Medicine + base rates; Reference class	L462 L203	KNOWN	S
L065	5	Memory and the life bridge	Spiral reuse	[pass] what is learned is not used or retained	season 2 reuses season 1 primitives	spiral curriculum (Bruner)	[pass] review is a separate chore; life is not measured	[pass] ideas kept alive inside later sessions and used in the week	L	L	[pass] self-report bias	[pass] hook accuracy and reality-tap rates	[computed] Primitive dictionary; Seasons, not courses	L120 L027	KNOWN	S
L066	6	Biology donor	Immune memory	[pass] learning systems lack self-regulation	primary vs faster secondary response → expanding gaps	spacing	[pass] curricula have no homeostasis	[pass] the organ regulates dose, pruning and timing itself	L	M	[pass] metaphor over mechanism	[pass] does the regulation change measured outcomes	[computed] One button; Oral memory techniques	L417 L372	KNOWN	[computed] M:Apoptosis of representations
L067	6	Biology donor	Apoptosis of representations	[pass] learning systems lack self-regulation	prune those that never precede success	pruning in neural networks	[pass] curricula have no homeostasis	[pass] the organ regulates dose, pruning and timing itself	L	M	[pass] metaphor over mechanism	[pass] does the regulation change measured outcomes	[computed] Representation retirement; Representation tournament	O4812 L079	KNOWN	S
L068	6	Biology donor	Homeostatic time budget	[pass] learning systems lack self-regulation	minutes held near a set point	homeostasis	[pass] curricula have no homeostasis	[pass] the organ regulates dose, pruning and timing itself	L	M	[pass] metaphor over mechanism	[pass] does the regulation change measured outcomes	[computed] Dose controller; Minutes as currency	L092 L281	KNOWN	S
L069	6	Biology donor	Hormesis	[pass] learning systems lack self-regulation	small doses of difficulty	desirable difficulties (Bjork)	[pass] curricula have no homeostasis	[pass] the organ regulates dose, pruning and timing itself	L	M	[pass] metaphor over mechanism	[pass] does the regulation change measured outcomes	[computed] Microcode; Player-reading difficulty	L138 L216	KNOWN	[computed] M:Apoptosis of representations
L070	6	Biology donor	Plasticity windows	[pass] learning systems lack self-regulation	teach inside curiosity states	Gruber 2014	[pass] curricula have no homeostasis	[pass] the organ regulates dose, pruning and timing itself	L	M	[pass] metaphor over mechanism	[pass] does the regulation change measured outcomes	[computed] Rhythm as a loop; Light and material	L250 L273	KNOWN	S
L071	6	Biology donor	Symbiosis with medicine	[pass] learning systems lack self-regulation	Renaissance feeds on medical cases	symbiosis (biology)	[pass] curricula have no homeostasis	[pass] the organ regulates dose, pruning and timing itself	L	M	[pass] metaphor over mechanism	[pass] does the regulation change measured outcomes	[computed] Priority scheduler; Externalities on medicine	L144 L282	KNOWN	S
L072	6	Biology donor	Variation and selection of explanations	[pass] learning systems lack self-regulation	explanations compete	A/B testing	[pass] curricula have no homeostasis	[pass] the organ regulates dose, pruning and timing itself	L	M	[pass] metaphor over mechanism	[pass] does the regulation change measured outcomes	[computed] Hypothesis tester; Explanatory-depth probes	L184 L450	KNOWN	S
L073	6	Biology donor	Metabolic dose	[pass] learning systems lack self-regulation	session length follows energy	metabolic rate as budget	[pass] curricula have no homeostasis	[pass] the organ regulates dose, pruning and timing itself	L	M	[pass] metaphor over mechanism	[pass] does the regulation change measured outcomes	[computed] Minimum effective dose; Energy budgets	L006 L414	KNOWN	S
L074	6	Biology donor	Circadian gate	[pass] learning systems lack self-regulation	no sessions 01:00–05:00	sleep hygiene	[pass] curricula have no homeostasis	[pass] the organ regulates dose, pruning and timing itself	L	M	[pass] metaphor over mechanism	[pass] does the regulation change measured outcomes	[computed] Circadian timing; Live data sessions	L337 L436	KNOWN	S
L075	6	Biology donor	Mycorrhizal links	[pass] learning systems lack self-regulation	primitives "share nutrients"	mycorrhizal networks	[pass] curricula have no homeostasis	[pass] the organ regulates dose, pruning and timing itself	L	M	rejected: decoration or gamification	[pass] does the regulation change measured outcomes	[computed] Graph of primitives; Book → primitives	L349 L126	KNOWN	R:SLOP
L076	6	Biology donor	Sensory adaptation	[pass] learning systems lack self-regulation	rotate modes as novelty fades	attention research	[pass] curricula have no homeostasis	[pass] the organ regulates dose, pruning and timing itself	L	M	[pass] metaphor over mechanism	[pass] does the regulation change measured outcomes	[computed] Synthetic sense devices; Boss novelty guard	O4715 O6120	KNOWN	S
L077	6	Biology donor	Reflex arcs	[pass] learning systems lack self-regulation	if–then plans	implementation intentions	[pass] curricula have no homeostasis	[pass] the organ regulates dose, pruning and timing itself	L	M	[pass] metaphor over mechanism	[pass] does the regulation change measured outcomes	[computed] Implementation intentions; Reconsolidation	L300 L329	KNOWN	S
L078	6	Biology donor	Learner genome	[pass] learning systems lack self-regulation	a genome metaphor for the learner	learner models in ITS	[pass] curricula have no homeostasis	[pass] the organ regulates dose, pruning and timing itself	L	M	[pass] metaphor over mechanism	[pass] does the regulation change measured outcomes	[computed] Growth archive; Energy budgets	L410 L414	KNOWN	[computed] M:Apoptosis of representations
L079	7	Evolution donor	Representation tournament	[pass] content never improves by selection	each concept's representations compete on delayed success	bandits in education	[pass] materials are written once	[pass] representations and items that improve by selection on delayed outcomes	L	M	[pass] overfitting to one learner	[pass] fitness trends with n	[computed] Representation evolution loop; Representation generator + tournament	O6508 L496	KNOWN	S
L080	7	Evolution donor	Distractor mutation	[pass] content never improves by selection	new wrong options bred from real wrong answers	automatic distractor generation research	[pass] materials are written once	[pass] representations and items that improve by selection on delayed outcomes	L	M	[pass] overfitting to one learner	[pass] fitness trends with n	[computed] Distractor evolution; Misconception miner	L498 L495	KNOWN	S
L081	7	Evolution donor	Fitness = delayed transfer	[pass] content never improves by selection	selection on delayed transfer, not immediate accuracy	fitness functions (evolutionary computing)	[pass] materials are written once	[pass] representations and items that improve by selection on delayed outcomes	L	M	[pass] overfitting to one learner	[pass] fitness trends with n	[computed] Learner state vector; Representation fitness	O5901 O4802	KNOWN	S
L082	7	Evolution donor	Speciation	[pass] content never improves by selection	a primitive splits when learners confuse its cases	speciation (biology)	[pass] materials are written once	[pass] representations and items that improve by selection on delayed outcomes	L	M	[pass] overfitting to one learner	[pass] fitness trends with n	[computed] Intermediate representation; Just-in-time primitive	L162 L028	KNOWN	S
L083	7	Evolution donor	Extinction log	[pass] content never improves by selection	retired content with cause	fossil records	[pass] materials are written once	[pass] representations and items that improve by selection on delayed outcomes	L	M	[pass] overfitting to one learner	[pass] fitness trends with n	[computed] Archive with reason; Cognitive x-ray cause log	L038 O5905	KNOWN	S
L084	7	Evolution donor	Crossbreeding sessions	[pass] content never improves by selection	two primitives in one case (proxy × loop)	crossover operators	[pass] materials are written once	[pass] representations and items that improve by selection on delayed outcomes	L	M	[pass] overfitting to one learner	[pass] fitness trends with n	[computed] Parallel primitives; Model consistency check	L140 O5615	KNOWN	S
L085	7	Evolution donor	Niche construction	[pass] content never improves by selection	the learner changes his environment (forge)	niche construction theory (Odling-Smee)	[pass] materials are written once	[pass] representations and items that improve by selection on delayed outcomes	L	M	[pass] overfitting to one learner	[pass] fitness trends with n	[computed] Reenactment with the learner's life; Niche partitioning of sessions	O5120 O7020	KNOWN	[computed] M:Representation tournament
L086	7	Evolution donor	Genetic algorithm ordering	[pass] content never improves by selection	evolve session order	evolutionary curriculum search	[pass] materials are written once	[pass] representations and items that improve by selection on delayed outcomes	L	M	rejected: cost exceeds value	[pass] fitness trends with n	[computed] Click forecasting; Session standard	O4405 L407	KNOWN	R:COST
L087	7	Evolution donor	Red Queen difficulty	[pass] content never improves by selection	items stay just ahead	difficulty adaptation	[pass] materials are written once	[pass] representations and items that improve by selection on delayed outcomes	L	M	[pass] overfitting to one learner	[pass] fitness trends with n	[computed] Alien item difficulty calibration; Hormesis	O5213 L069	KNOWN	[computed] M:Representation tournament
L088	7	Evolution donor	Sexual selection for beauty	[pass] content never improves by selection	sessions judged by learner-rated beauty so the attractive ones survive	sexual selection (biology)	[pass] materials are written once	[pass] representations and items that improve by selection on delayed outcomes	L	M	rejected: decoration or gamification	[pass] fitness trends with n	[computed] Learner authors sessions; Cliffhangers	L508 L225	KNOWN	R:SLOP
L089	7	Evolution donor	Punctuated weeks	[pass] content never improves by selection	occasional big-idea weeks	punctuated equilibrium (Eldredge & Gould)	[pass] materials are written once	[pass] representations and items that improve by selection on delayed outcomes	L	M	[pass] overfitting to one learner	[pass] fitness trends with n	[computed] Character anchors; One idea per session	L230 O4413	KNOWN	S
L090	7	Evolution donor	Horizontal transfer	[pass] content never improves by selection	a representation that won for one primitive is tried on another	horizontal gene transfer	[pass] materials are written once	[pass] representations and items that improve by selection on delayed outcomes	L	M	[pass] overfitting to one learner	[pass] fitness trends with n	[computed] Representation crossover; One idea per session	O4803 O4413	KNOWN	S
L091	7	Evolution donor	Fossil beliefs	[pass] content never improves by selection	old beliefs kept with dates	belief versioning	[pass] materials are written once	[pass] representations and items that improve by selection on delayed outcomes	L	M	[pass] overfitting to one learner	[pass] fitness trends with n	[computed] Invention log; Wrongness as tuition	O5808 O4108	KNOWN	S
L092	8	Control-theory donor	Dose controller	[pass] adaptation oscillates or overreacts	weekly minutes with a set point and damping	setpoint control	[pass] teachers adjust by feel	[pass] stable adaptation that respects delays	L	M	[pass] sluggish response	[pass] success rate and minutes stay near set points	[computed] Homeostatic time budget; Set-point drift	L068 L099	KNOWN	S
L093	8	Control-theory donor	Success-rate controller	[pass] adaptation oscillates or overreacts	keep success near 70–85%	"85% rule" (Wilson et al. 2019)	[pass] teachers adjust by feel	[pass] stable adaptation that respects delays	L	M	[pass] sluggish response	[pass] success rate and minutes stay near set points	[computed] Bureaucracy minimum; Pattern separation	L400 L334	KNOWN	S
L094	8	Control-theory donor	Delay-aware evaluation	[pass] adaptation oscillates or overreacts	judge a pedagogy change after its delay	control with dead time	[pass] teachers adjust by feel	[pass] stable adaptation that respects delays	L	M	[pass] sluggish response	[pass] success rate and minutes stay near set points	[computed] Incubation period; One pedagogy change per week	O7009 O6502	KNOWN	S
L095	8	Control-theory donor	State observer	[pass] adaptation oscillates or overreacts	estimate understanding from noisy signals	knowledge tracing	[pass] teachers adjust by feel	[pass] stable adaptation that respects delays	L	M	[pass] sluggish response	[pass] success rate and minutes stay near set points	[computed] Signal vs capability; Orders of magnitude	L285 L342	KNOWN	[computed] M:Dose controller
L096	8	Control-theory donor	Gain scheduling	[pass] adaptation oscillates or overreacts	big steps for novices, small for experts	gain scheduling (control engineering)	[pass] teachers adjust by feel	[pass] stable adaptation that respects delays	L	M	[pass] sluggish response	[pass] success rate and minutes stay near set points	[computed] Microcode; Expert blind-spot map	L138 L207	KNOWN	S
L097	8	Control-theory donor	Anti-windup	[pass] adaptation oscillates or overreacts	backlog never accumulates	integrator anti-windup	[pass] teachers adjust by feel	[pass] stable adaptation that respects delays	L	M	[pass] sluggish response	[pass] success rate and minutes stay near set points	[computed] No-backlog return; No deadlock	O6406 L151	KNOWN	S
L098	8	Control-theory donor	Calendar feedforward	[pass] adaptation oscillates or overreacts	exam week shrinks the dose in advance	feedforward control	[pass] teachers adjust by feel	[pass] stable adaptation that respects delays	L	M	[pass] sluggish response	[pass] success rate and minutes stay near set points	[computed] Self-shrinking dose; Backpressure	L487 L179	KNOWN	S
L099	8	Control-theory donor	Set-point drift	[pass] adaptation oscillates or overreacts	detect when goals changed	adaptive setpoints	[pass] teachers adjust by feel	[pass] stable adaptation that respects delays	L	M	[pass] sluggish response	[pass] success rate and minutes stay near set points	[computed] Dose controller; Homeostatic time budget	L092 L068	KNOWN	S
L100	8	Control-theory donor	One change per week	[pass] adaptation oscillates or overreacts	never change two pedagogy variables at once	experimental design	[pass] teachers adjust by feel	[pass] stable adaptation that respects delays	L	M	[pass] sluggish response	[pass] success rate and minutes stay near set points	[computed] One pedagogy change per week; Co-op	O6502 L219	KNOWN	S
L101	8	Control-theory donor	Bang-bang sessions	[pass] adaptation oscillates or overreacts	all or nothing	bang-bang control	[pass] teachers adjust by feel	[pass] stable adaptation that respects delays	L	M	rejected: contradicted by evidence	[pass] success rate and minutes stay near set points	[computed] Circadian gate; Live data sessions	L074 L436	KNOWN	R:EVID
L102	8	Control-theory donor	PID review gaps	[pass] adaptation oscillates or overreacts	tune gaps by error	SRS schedulers	[pass] teachers adjust by feel	[pass] stable adaptation that respects delays	L	M	[pass] sluggish response	[pass] success rate and minutes stay near set points	[computed] Error patterns; Debug a wrong explanation	L202 L048	KNOWN	[computed] M:Dose controller
L103	8	Control-theory donor	Controllability check	[pass] adaptation oscillates or overreacts	can the system influence this capability at all?	controllability (Kalman)	[pass] teachers adjust by feel	[pass] stable adaptation that respects delays	L	M	[pass] sluggish response	[pass] success rate and minutes stay near set points	[computed] AI-off days; Release notes to the learner	O6003 O6519	KNOWN	S
L104	8	Control-theory donor	Oscillation alarm	[pass] adaptation oscillates or overreacts	detect engagement swings	limit-cycle detection	[pass] teachers adjust by feel	[pass] stable adaptation that respects delays	L	M	[pass] sluggish response	[pass] success rate and minutes stay near set points	[computed] Reward-prediction engagement; Avoidance detector	L330 L477	KNOWN	S
L105	9	Information-theory donor	Information-gain item choice	[pass] items and representations waste information	ask what most reduces uncertainty about the learner	computerized adaptive testing	[pass] tests are not designed for information gain	[pass] each item and picture chosen for what it reveals	L	M	[pass] false precision	[pass] information per item vs outcome	[computed] Reasonable-person test; Serendipity budget	O6908 O6211	KNOWN	[computed] M:Mutual information of primitives
L106	9	Information-theory donor	Surprise-weighted memory	[pass] items and representations waste information	committed prediction → surprise → memory	Brod et al. 2018	[pass] tests are not designed for information gain	[pass] each item and picture chosen for what it reveals	L	M	[pass] false precision	[pass] information per item vs outcome	[computed] Prediction error; Predict before tell	L327 L002	KNOWN	S
L107	9	Information-theory donor	Term budget per step	[pass] items and representations waste information	at most two new terms per step	cognitive load	[pass] tests are not designed for information gain	[pass] each item and picture chosen for what it reveals	L	M	[pass] false precision	[pass] information per item vs outcome	[computed] Perspective count limit; Hook budget cap	O5511 O5618	KNOWN	S
L108	9	Information-theory donor	Redundant encoding	[pass] items and representations waste information	two representations for robustness	dual coding (Paivio)	[pass] tests are not designed for information gain	[pass] each item and picture chosen for what it reveals	L	M	[pass] false precision	[pass] information per item vs outcome	[computed] Redundant representation for key ideas; Co-op	O7204 L219	KNOWN	S
L109	9	Information-theory donor	Explanation compression	[pass] items and representations waste information	shortest explanation that keeps the truth	minimum description length	[pass] tests are not designed for information gain	[pass] each item and picture chosen for what it reveals	L	M	[pass] false precision	[pass] information per item vs outcome	[computed] Kolmogorov simplicity; Truth institutions	L113 L413	KNOWN	S
L110	9	Information-theory donor	Answer entropy as confusion	[pass] items and representations waste information	spread of answers flags confusion	entropy of response distributions	[pass] tests are not designed for information gain	[pass] each item and picture chosen for what it reveals	L	M	[pass] false precision	[pass] information per item vs outcome	[computed] Appeals; Answer-first AI tutor	L396 O6011	KNOWN	S
L111	9	Information-theory donor	Three-encoding check	[pass] items and representations waste information	same idea asked three ways	triangulation	[pass] tests are not designed for information gain	[pass] each item and picture chosen for what it reveals	L	M	[pass] false precision	[pass] information per item vs outcome	[computed] Idea mutation drill; Explain-to-a-child check	O5810 L013	KNOWN	[computed] M:Redundant encoding
L112	9	Information-theory donor	No inference under n=5	[pass] items and representations waste information	refuse to infer traits from few answers	small-sample statistics	[pass] tests are not designed for information gain	[pass] each item and picture chosen for what it reveals	L	M	[pass] false precision	[pass] information per item vs outcome	[computed] Question, not topic; Answer entropy as confusion	L009 L110	KNOWN	S
L113	9	Information-theory donor	Kolmogorov simplicity	[pass] items and representations waste information	prefer the explanation with the shortest description that still predicts	Kolmogorov complexity; minimum description length	[pass] tests are not designed for information gain	[pass] each item and picture chosen for what it reveals	L	M	rejected: cannot be measured	[pass] information per item vs outcome	[computed] Explanation compression; Teacher-authority audit	L109 O4118	KNOWN	R:UNTEST
L114	9	Information-theory donor	Mutual information of primitives	[pass] items and representations waste information	does knowing A speed B?	mutual information	[pass] tests are not designed for information gain	[pass] each item and picture chosen for what it reveals	L	M	[pass] false precision	[pass] information per item vs outcome	[computed] Rate objective; Graph of primitives	O6306 L349	KNOWN	S
L115	9	Information-theory donor	Rate–distortion per learner	[pass] items and representations waste information	how much detail to drop	rate–distortion theory (Shannon)	[pass] tests are not designed for information gain	[pass] each item and picture chosen for what it reveals	L	M	[pass] false precision	[pass] information per item vs outcome	[computed] Learner genome; Growth archive	L078 L410	KNOWN	S
L116	9	Information-theory donor	Signal detection tasks	[pass] items and representations waste information	discrimination with hits and false alarms	SDT	[pass] tests are not designed for information gain	[pass] each item and picture chosen for what it reveals	L	M	[pass] false precision	[pass] information per item vs outcome	[computed] IO mapping; Physical + cognitive	L137 L460	KNOWN	S
L117	9	Information-theory donor	Bits per minute	[pass] items and representations waste information	show a bits-per-minute score for each session	information rate	[pass] tests are not designed for information gain	[pass] each item and picture chosen for what it reveals	L	M	rejected: decoration or gamification	[pass] information per item vs outcome	[computed] Hard minute budget; Free-text reflection box	O4314 O4318	KNOWN	R:SLOP
L118	10	Compression donor	Jewel vs context	[pass] explanations lose the part that mattered or keep too much	preserve the irreducible experience, compress the rest	conservation practice	[pass] summaries optimise length	[pass] compressed core with the irreducible part preserved	L	M	[pass] over- or under-compression	[pass] delayed transfer with vs without the preserved part	[computed] Irreducible-part test; Proof as experience	O4220 L339	KNOWN	S
L119	10	Compression donor	Lossless core	[pass] explanations lose the part that mattered or keep too much	core mechanism never simplified away	lossless compression	[pass] summaries optimise length	[pass] compressed core with the irreducible part preserved	L	M	[pass] over- or under-compression	[pass] delayed transfer with vs without the preserved part	[computed] Earned depth; Paced reveal	O4409 O4206	KNOWN	S
L120	10	Compression donor	Primitive dictionary	[pass] explanations lose the part that mattered or keep too much	reuse primitives across sessions	dictionary coding	[pass] summaries optimise length	[pass] compressed core with the irreducible part preserved	L	M	[pass] over- or under-compression	[pass] delayed transfer with vs without the preserved part	[computed] Primitive portfolio; Spiral reuse	L278 L065	KNOWN	S
L121	10	Compression donor	Delta teaching	[pass] explanations lose the part that mattered or keep too much	teach only what differs from a known primitive	analogy	[pass] summaries optimise length	[pass] compressed core with the irreducible part preserved	L	M	[pass] over- or under-compression	[pass] delayed transfer with vs without the preserved part	[computed] Know-what-you-don't-know map; Just-in-time primitive	L453 L028	KNOWN	S
L122	10	Compression donor	Compressed receipts	[pass] explanations lose the part that mattered or keep too much	what changed in five lines	executive summaries	[pass] summaries optimise length	[pass] compressed core with the irreducible part preserved	L	M	[pass] over- or under-compression	[pass] delayed transfer with vs without the preserved part	[computed] Counterfactual tasks; Release notes to the learner	L379 O6519	KNOWN	S
L123	10	Compression donor	Summary must pass a test	[pass] explanations lose the part that mattered or keep too much	a summary is shown only after a transfer test	summarisation assessment	[pass] summaries optimise length	[pass] compressed core with the irreducible part preserved	L	M	[pass] over- or under-compression	[pass] delayed transfer with vs without the preserved part	[computed] Assimilation test; Label after concept	O5602 L012	KNOWN	S
L124	10	Compression donor	Model zoom	[pass] explanations lose the part that mattered or keep too much	simple → mechanism → formal → limits	progressive disclosure	[pass] summaries optimise length	[pass] compressed core with the irreducible part preserved	L	M	[pass] over- or under-compression	[pass] delayed transfer with vs without the preserved part	[computed] Taste + mechanism; Co-op	L457 L219	KNOWN	S
L125	10	Compression donor	Over-compression alarm	[pass] explanations lose the part that mattered or keep too much	nuance-loss items	over-simplification critiques	[pass] summaries optimise length	[pass] compressed core with the irreducible part preserved	L	M	[pass] over- or under-compression	[pass] delayed transfer with vs without the preserved part	[computed] Speaking + compression; Overconfidence alarm	L459 O5411	KNOWN	S
L126	10	Compression donor	Book → primitives	[pass] explanations lose the part that mattered or keep too much	distil a book into mechanisms	summary services	[pass] summaries optimise length	[pass] compressed core with the irreducible part preserved	L	M	rejected: contradicted by evidence	[pass] delayed transfer with vs without the preserved part	[computed] World map of primitives; 3D models	L022 L438	KNOWN	R:EVID
L127	10	Compression donor	Proof skeleton	[pass] explanations lose the part that mattered or keep too much	the spine of a proof first	proof outlines	[pass] summaries optimise length	[pass] compressed core with the irreducible part preserved	L	M	[pass] over- or under-compression	[pass] delayed transfer with vs without the preserved part	[computed] Offline-first; Local-first	L422 L180	KNOWN	S
L128	10	Compression donor	One diagram per mechanism	[pass] explanations lose the part that mattered or keep too much	each mechanism gets exactly one canonical diagram reused everywhere	visual vocabularies	[pass] summaries optimise length	[pass] compressed core with the irreducible part preserved	L	M	[pass] over- or under-compression	[pass] delayed transfer with vs without the preserved part	[computed] Intuition from many cases; Borrowed rigor	O5105 L023	KNOWN	[computed] M:Lossless core
L129	10	Compression donor	Sticky mnemonic layer	[pass] explanations lose the part that mattered or keep too much	a memorable line (Egyptian Arabic)	mnemonics	[pass] summaries optimise length	[pass] compressed core with the irreducible part preserved	L	M	[pass] over- or under-compression	[pass] delayed transfer with vs without the preserved part	[computed] Egyptian-Arabic sticky line; Back-translation check	O4303 O6610	KNOWN	S
L130	10	Compression donor	Maximal-surprise hook	[pass] explanations lose the part that mattered or keep too much	the hook is the most surprising true question	curiosity-gap research (Loewenstein 1994)	[pass] summaries optimise length	[pass] compressed core with the irreducible part preserved	L	M	[pass] over- or under-compression	[pass] delayed transfer with vs without the preserved part	[computed] Surprise-seeking feed; Great-question door	O6212 O5307	KNOWN	[computed] M:Jewel vs context
L131	11	CPU and caching donor	Hot/cold cache	[pass] review and delivery are inefficient	hot primitives reviewed, cold archived	CPU caches	[pass] no model of access patterns	[pass] the right idea ready at the right time	L	M	[pass] metaphor stretch	[pass] warm-up accuracy near target	[computed] Graph of primitives; Book → primitives	L349 L126	KNOWN	[computed] M:Parallel primitives
L132	11	CPU and caching donor	Prefetch	[pass] review and delivery are inefficient	today's errors seed tomorrow's warm-up	prefetching	[pass] no model of access patterns	[pass] the right idea ready at the right time	L	M	[pass] metaphor stretch	[pass] warm-up accuracy near target	[computed] Anti-silo hooks; Conversation seed	L024 L056	KNOWN	S
L133	11	CPU and caching donor	Pipelining	[pass] review and delivery are inefficient	run two sessions' steps interleaved like a CPU pipeline	instruction pipelining	[pass] no model of access patterns	[pass] the right idea ready at the right time	L	M	rejected: decoration or gamification	[pass] warm-up accuracy near target	[computed] Interleaved style discrimination; Crossbreeding sessions	O5707 L084	KNOWN	R:SLOP
L134	11	CPU and caching donor	Branch prediction	[pass] review and delivery are inefficient	precomputed misconception branches	branch prediction	[pass] no model of access patterns	[pass] the right idea ready at the right time	L	M	[pass] metaphor stretch	[pass] warm-up accuracy near target	[computed] Surprise-weighted memory; Reward-prediction engagement	L106 L330	KNOWN	S
L135	11	CPU and caching donor	Instruction set	[pass] review and delivery are inefficient	each primitive declares the cognitive operation it trains	Bloom's taxonomy	[pass] no model of access patterns	[pass] the right idea ready at the right time	L	M	[pass] metaphor stretch	[pass] warm-up accuracy near target	[computed] Mechanism genealogy; Red-flag lists	O4510 O6806	KNOWN	S
L136	11	CPU and caching donor	Interrupts	[pass] review and delivery are inefficient	life pre-empts a session (DONE)	hardware interrupts	[pass] no model of access patterns	[pass] the right idea ready at the right time	L	M	[pass] metaphor stretch	[pass] warm-up accuracy near target	[computed] One session a day; Life-event trigger	O6405 L036	KNOWN	S
L137	11	CPU and caching donor	IO mapping	[pass] review and delivery are inefficient	world tasks as inputs	memory-mapped IO	[pass] no model of access patterns	[pass] the right idea ready at the right time	L	M	[pass] metaphor stretch	[pass] warm-up accuracy near target	[computed] AR loops; Physical + cognitive	L430 L460	KNOWN	[computed] M:Prefetch
L138	11	CPU and caching donor	Microcode	[pass] review and delivery are inefficient	small drills implementing big skills	microcode	[pass] no model of access patterns	[pass] the right idea ready at the right time	L	M	[pass] metaphor stretch	[pass] warm-up accuracy near target	[computed] Gain scheduling; Hormesis	L096 L069	KNOWN	[computed] M:Prefetch
L139	11	CPU and caching donor	Speculative representation	[pass] review and delivery are inefficient	try a representation, roll back if it fails	speculative execution	[pass] no model of access patterns	[pass] the right idea ready at the right time	L	M	[pass] metaphor stretch	[pass] warm-up accuracy near target	[computed] Pedagogy genome mutation; Leader representation	O5914 L176	KNOWN	[computed] M:Prefetch
L140	11	CPU and caching donor	Parallel primitives	[pass] review and delivery are inefficient	two primitives in one case	parallel processing	[pass] no model of access patterns	[pass] the right idea ready at the right time	L	M	[pass] metaphor stretch	[pass] warm-up accuracy near target	[computed] Crossbreeding sessions; Model consistency check	L084 O5615	KNOWN	S
L141	11	CPU and caching donor	Watchdog	[pass] review and delivery are inefficient	idle time never counted beyond a cap	watchdog timers	[pass] no model of access patterns	[pass] the right idea ready at the right time	L	M	[pass] metaphor stretch	[pass] warm-up accuracy near target	[computed] FOMO-free frontier; City time-lapse	O6415 L271	KNOWN	S
L142	11	CPU and caching donor	Low-power mode	[pass] review and delivery are inefficient	10-minute dose	low-power modes	[pass] no model of access patterns	[pass] the right idea ready at the right time	L	M	[pass] metaphor stretch	[pass] warm-up accuracy near target	[computed] Minimum dose estimate; Short-dose continuation	O6408 O6409	KNOWN	S
L143	11	CPU and caching donor	Benchmark suite	[pass] review and delivery are inefficient	a fixed battery of items run before and after each engine change	benchmark suites (SPEC)	[pass] no model of access patterns	[pass] the right idea ready at the right time	L	M	[pass] metaphor stretch	[pass] warm-up accuracy near target	[computed] Delay-aware evaluation; Mental simulation	L094 L316	KNOWN	S
L144	12	Operating-systems donor	Priority scheduler	[pass] a new organ could harm the host app or the life	medicine > sleep > Renaissance	priority scheduling (OS)	[pass] apps compete for time and state	[pass] isolation, priority and kill switches	L	L	[pass] none significant	[pass] isolation and gate tests	[computed] Symbiosis with medicine; Externalities on medicine	L071 L282	KNOWN	S
L145	12	Operating-systems donor	Process isolation	[pass] a new organ could harm the host app or the life	own storage, own DOM	process isolation (OS)	[pass] apps compete for time and state	[pass] isolation, priority and kill switches	L	L	[pass] none significant	[pass] isolation and gate tests	[computed] Bureaucracy minimum; Predict your own score	L400 L448	KNOWN	S
L146	12	Operating-systems donor	Kill switch	[pass] a new organ could harm the host app or the life	three independent off switches	feature flags	[pass] apps compete for time and state	[pass] isolation, priority and kill switches	L	L	[pass] none significant	[pass] isolation and gate tests	[computed] Kill switches; Constitutional kill switch	O6410 L403	KNOWN	S
L147	12	Operating-systems donor	Explicit syscall	[pass] a new organ could harm the host app or the life	read CNS state through one call only	system calls	[pass] apps compete for time and state	[pass] isolation, priority and kill switches	L	L	[pass] none significant	[pass] isolation and gate tests	[computed] Fail-safe default; Multi-user	O7212 L156	KNOWN	S
L148	12	Operating-systems donor	Hidden machinery	[pass] a new organ could harm the host app or the life	learner never sees the backend	encapsulation	[pass] apps compete for time and state	[pass] isolation, priority and kill switches	L	L	[pass] none significant	[pass] isolation and gate tests	[computed] Rebuild test; Permissions	L011 L152	KNOWN	S
L149	12	Operating-systems donor	Event journal	[pass] a new organ could harm the host app or the life	every answer is an event	event sourcing	[pass] apps compete for time and state	[pass] isolation, priority and kill switches	L	L	[pass] none significant	[pass] isolation and gate tests	[computed] Confidence on every answer; Everything course	L007 O4516	KNOWN	S
L150	12	Operating-systems donor	Belief GC	[pass] a new organ could harm the host app or the life	collect beliefs nothing uses	garbage collection	[pass] apps compete for time and state	[pass] isolation, priority and kill switches	L	L	[pass] none significant	[pass] isolation and gate tests	[computed] Belief dependency graph; Belief half-life	O5409 O5412	KNOWN	S
L151	12	Operating-systems donor	No deadlock	[pass] a new organ could harm the host app or the life	never block on one question	deadlock avoidance	[pass] apps compete for time and state	[pass] isolation, priority and kill switches	L	L	[pass] none significant	[pass] isolation and gate tests	[computed] Decisive question as the unit; No composite score	L040 L288	KNOWN	S
L152	12	Operating-systems donor	Permissions	[pass] a new organ could harm the host app or the life	learner data never leaves the device without consent	privacy by design	[pass] apps compete for time and state	[pass] isolation, priority and kill switches	L	L	[pass] none significant	[pass] isolation and gate tests	[computed] Learner's data as cases; Hidden machinery	L483 L148	KNOWN	S
L153	12	Operating-systems donor	Season packages	[pass] a new organ could harm the host app or the life	seasons are versioned files	package managers	[pass] apps compete for time and state	[pass] isolation, priority and kill switches	L	L	[pass] none significant	[pass] isolation and gate tests	[computed] Cross-season surprises; Seasons, not courses	L481 L027	KNOWN	S
L154	12	Operating-systems donor	Live update	[pass] a new organ could harm the host app or the life	service worker	hot code reload	[pass] apps compete for time and state	[pass] isolation, priority and kill switches	L	L	[pass] none significant	[pass] isolation and gate tests	[computed] Live data sessions; Shared live models	L436 L435	KNOWN	S
L155	12	Operating-systems donor	Crash recovery	[pass] a new organ could harm the host app or the life	resume mid-session	crash recovery / journaling	[pass] apps compete for time and state	[pass] isolation, priority and kill switches	L	L	[pass] none significant	[pass] isolation and gate tests	[computed] Session standard; Question, not topic	L407 L009	KNOWN	S
L156	12	Operating-systems donor	Multi-user	[pass] a new organ could harm the host app or the life	several learners share one device with separate state	multi-user operating systems	[pass] apps compete for time and state	[pass] isolation, priority and kill switches	L	L	rejected: outside the mission	[pass] isolation and gate tests	[computed] Co-op; Explicit syscall	L219 L147	KNOWN	R:SCOPE
L157	13	Compiler donor	Season compiler	[pass] sessions are hand-made and inconsistent	primitive specs → sessions	authoring tools	[pass] authoring is craft, not build	[pass] sessions built and checked like programs	L	M	[pass] rigidity	[pass] linter and schema tests	[computed] Author assistant with review; Primitive dictionary	O6511 L120	KNOWN	S
L158	13	Compiler donor	Session type checker	[pass] sessions are hand-made and inconsistent	schema tests on every session	type checking	[pass] authoring is craft, not build	[pass] sessions built and checked like programs	L	M	[pass] rigidity	[pass] linter and schema tests	[computed] Linter as constitution; Session linter	O6506 L499	KNOWN	S
L159	13	Compiler donor	Linker	[pass] sessions are hand-made and inconsistent	cross-session references resolved	linkers	[pass] authoring is craft, not build	[pass] sessions built and checked like programs	L	M	[pass] rigidity	[pass] linter and schema tests	[computed] Audio cross-compile; Session standard	L167 L407	KNOWN	S
L160	13	Compiler donor	Optimizer	[pass] sessions are hand-made and inconsistent	skip redundant steps for this learner	compiler optimisation	[pass] authoring is craft, not build	[pass] sessions built and checked like programs	L	M	[pass] rigidity	[pass] linter and schema tests	[computed] Profile-guided; Forgetting curve per learner	L166 O5609	KNOWN	S
L161	13	Compiler donor	Dead-content elimination	[pass] sessions are hand-made and inconsistent	remove what is never shown	dead-code elimination	[pass] authoring is craft, not build	[pass] sessions built and checked like programs	L	M	[pass] rigidity	[pass] linter and schema tests	[computed] Held-out audits; Understanding as the only payoff	L289 O4403	KNOWN	S
L162	13	Compiler donor	Intermediate representation	[pass] sessions are hand-made and inconsistent	primitive, cases, bugs, hooks	intermediate representations	[pass] authoring is craft, not build	[pass] sessions built and checked like programs	L	M	[pass] rigidity	[pass] linter and schema tests	[computed] Speciation; Horizontal transfer	L082 L090	KNOWN	S
L163	13	Compiler donor	Static analysis	[pass] sessions are hand-made and inconsistent	detect open-ended prompts before shipping	static analysis	[pass] authoring is craft, not build	[pass] sessions built and checked like programs	L	M	[pass] rigidity	[pass] linter and schema tests	[computed] Free creative writing; Linter as constitution	O5813 O6506	KNOWN	S
L164	13	Compiler donor	Misconception unit tests	[pass] sessions are hand-made and inconsistent	each bug has a test item	unit testing	[pass] authoring is craft, not build	[pass] sessions built and checked like programs	L	M	[pass] rigidity	[pass] linter and schema tests	[computed] Bond strength test; Misconception miner	O4606 L495	KNOWN	S
L165	13	Compiler donor	JIT dose	[pass] sessions are hand-made and inconsistent	compile today's steps at open	JIT compilation	[pass] authoring is craft, not build	[pass] sessions built and checked like programs	L	M	[pass] rigidity	[pass] linter and schema tests	[computed] Low-power mode; Frontier cards	L142 L469	KNOWN	S
L166	13	Compiler donor	Profile-guided	[pass] sessions are hand-made and inconsistent	learner data reorders steps	profile-guided optimisation	[pass] authoring is craft, not build	[pass] sessions built and checked like programs	L	M	[pass] rigidity	[pass] linter and schema tests	[computed] Learner's data as cases; Optimizer	L483 L160	KNOWN	S
L167	13	Compiler donor	Audio cross-compile	[pass] sessions are hand-made and inconsistent	compile every session automatically into an audio version	cross-compilation	[pass] authoring is craft, not build	[pass] sessions built and checked like programs	L	M	rejected: contradicted by evidence	[pass] linter and schema tests	[computed] Linker; Session type checker	L159 L158	KNOWN	R:EVID
L168	13	Compiler donor	Template macros	[pass] sessions are hand-made and inconsistent	sessions assembled from reusable text macros	template engines	[pass] authoring is craft, not build	[pass] sessions built and checked like programs	L	M	rejected: decoration or gamification	[pass] linter and schema tests	[computed] Circadian gate; Live data sessions	L074 L436	KNOWN	R:SLOP
L169	13	Compiler donor	Errors that teach	[pass] sessions are hand-made and inconsistent	the error message is the repair	error messages that teach (Elm compiler)	[pass] authoring is craft, not build	[pass] sessions built and checked like programs	L	M	[pass] rigidity	[pass] linter and schema tests	[computed] Prediction error; Mens rea for errors	L327 O6910	KNOWN	S
L170	14	Distributed-systems donor	Eventual consistency	[pass] state and sources can disagree	learner model across devices	eventual consistency	[pass] single-source assumptions	[pass] consistent state and fault-tolerant sources	L	M	[pass] complexity	[pass] consistency and provenance checks	[computed] Rebuild test; Sharding	L011 L174	KNOWN	S
L171	14	Distributed-systems donor	Evidence consensus	[pass] state and sources can disagree	a claim needs agreeing sources	consensus protocols	[pass] single-source assumptions	[pass] consistent state and fault-tolerant sources	L	M	[pass] complexity	[pass] consistency and provenance checks	[computed] Evidence ledger; Discovery obligation	L484 O6913	KNOWN	S
L172	14	Distributed-systems donor	Byzantine sources	[pass] state and sources can disagree	treat sources as possibly faulty	Byzantine fault tolerance	[pass] single-source assumptions	[pass] consistent state and fault-tolerant sources	L	M	[pass] complexity	[pass] consistency and provenance checks	[computed] Provenance on demand; Replicated sources	L429 L181	KNOWN	S
L173	14	Distributed-systems donor	Idempotent events	[pass] state and sources can disagree	replaying an event changes nothing	idempotency	[pass] single-source assumptions	[pass] consistent state and fault-tolerant sources	L	M	[pass] complexity	[pass] consistency and provenance checks	[computed] Monitoring without surveillance; Bang-bang sessions	O7219 L101	KNOWN	S
L174	14	Distributed-systems donor	Sharding	[pass] state and sources can disagree	split the learner model into independent shards per domain	database sharding	[pass] single-source assumptions	[pass] consistent state and fault-tolerant sources	L	M	rejected: outside the mission	[pass] consistency and provenance checks	[computed] Eventual consistency; Rebuild test	L170 L011	KNOWN	R:SCOPE
L175	14	Distributed-systems donor	Gossip	[pass] state and sources can disagree	ideas travel through friends	gossip protocols	[pass] single-source assumptions	[pass] consistent state and fault-tolerant sources	L	M	[pass] complexity	[pass] consistency and provenance checks	[computed] Walk-through models; Philosophy of science by cases	L266 L360	KNOWN	S
L176	14	Distributed-systems donor	Leader representation	[pass] state and sources can disagree	the winning representation leads	leader election	[pass] single-source assumptions	[pass] consistent state and fault-tolerant sources	L	M	[pass] complexity	[pass] consistency and provenance checks	[computed] Numbers representation; Speculative representation	O4810 L139	KNOWN	[computed] M:Eventual consistency
L177	14	Distributed-systems donor	Quorum before "learned"	[pass] state and sources can disagree	delayed + far + unaided all needed	quorum reads	[pass] single-source assumptions	[pass] consistent state and fault-tolerant sources	L	M	[pass] complexity	[pass] consistency and provenance checks	[computed] Delayed proof; Retirement rule	L004 L029	KNOWN	S
L178	14	Distributed-systems donor	Heartbeat check-ins	[pass] state and sources can disagree	scheduled check-in prompts asking how learning feels	heartbeats	[pass] single-source assumptions	[pass] consistent state and fault-tolerant sources	L	M	rejected: open-ended thinking tax	[pass] consistency and provenance checks	[computed] Experience-sampled use; Reflection prompts	O4219 L455	KNOWN	R:TAX
L179	14	Distributed-systems donor	Backpressure	[pass] state and sources can disagree	dose shrinks when life is overloaded	backpressure	[pass] single-source assumptions	[pass] consistent state and fault-tolerant sources	L	M	[pass] complexity	[pass] consistency and provenance checks	[computed] Self-shrinking dose; Calendar feedforward	L487 L098	KNOWN	S
L180	14	Distributed-systems donor	Local-first	[pass] state and sources can disagree	works offline	local-first software (Kleppmann et al. 2019)	[pass] single-source assumptions	[pass] consistent state and fault-tolerant sources	L	M	[pass] complexity	[pass] consistency and provenance checks	[computed] Offline-first; No single point of failure	L422 L406	KNOWN	S
L181	14	Distributed-systems donor	Replicated sources	[pass] state and sources can disagree	primary data embedded	replication	[pass] single-source assumptions	[pass] consistent state and fault-tolerant sources	L	M	[pass] complexity	[pass] consistency and provenance checks	[computed] Primary artifact as the unit; Primary-data puzzle	L044 O5110	KNOWN	S
L182	14	Distributed-systems donor	Partition tolerance	[pass] state and sources can disagree	the organ keeps working with no network and reconciles later	CAP theorem / partition tolerance	[pass] single-source assumptions	[pass] consistent state and fault-tolerant sources	L	M	[pass] complexity	[pass] consistency and provenance checks	[computed] Stop; Silent organ	L520 O6413	KNOWN	S
L183	15	Scientific-discovery donor	Discovery reenactment	[pass] results are taught, not how they were found	real data, the original puzzle	historical case studies	[pass] textbooks present conclusions	[pass] reasoning with the original evidence	M	M	[pass] hindsight in the design	[pass] prediction accuracy on unseen evidence	[computed] Archive data; Primary-data puzzle	L380 O5110	KNOWN	S
L184	15	Scientific-discovery donor	Hypothesis tester	[pass] results are taught, not how they were found	explanations vs observations	inquiry tools	[pass] textbooks present conclusions	[pass] reasoning with the original evidence	M	M	[pass] hindsight in the design	[pass] prediction accuracy on unseen evidence	[computed] Variation and selection of explanations; Explanatory-depth probes	L072 L450	KNOWN	S
L185	15	Scientific-discovery donor	Archival predict-observe	[pass] results are taught, not how they were found	predict, then see the archive	predict-observe-explain (White & Gunstone)	[pass] textbooks present conclusions	[pass] reasoning with the original evidence	M	M	[pass] hindsight in the design	[pass] prediction accuracy on unseen evidence	[computed] Growth archive; Explain + predict	L410 L456	KNOWN	S
L186	15	Scientific-discovery donor	Anomaly hunt	[pass] results are taught, not how they were found	find the point that doesn't fit	anomaly detection	[pass] textbooks present conclusions	[pass] reasoning with the original evidence	M	M	[pass] hindsight in the design	[pass] prediction accuracy on unseen evidence	[computed] Scaffold decay curve; Anomaly of the month	O6020 O6203	KNOWN	S
L187	15	Scientific-discovery donor	Replication literacy	[pass] results are taught, not how they were found	why findings fail to replicate	replication crisis literature	[pass] textbooks present conclusions	[pass] reasoning with the original evidence	M	M	[pass] hindsight in the design	[pass] prediction accuracy on unseen evidence	[computed] Paired taste tasks; Twin explanation	L235 O5915	KNOWN	S
L188	15	Scientific-discovery donor	Controlled-comparison design	[pass] results are taught, not how they were found	design a fair test	CVS teaching (Chen & Klahr 1999)	[pass] textbooks present conclusions	[pass] reasoning with the original evidence	M	M	[pass] hindsight in the design	[pass] prediction accuracy on unseen evidence	[computed] Measurement design; Music institutions	L189 L257	KNOWN	S
L189	15	Scientific-discovery donor	Measurement design	[pass] results are taught, not how they were found	choose what to measure	measurement theory	[pass] textbooks present conclusions	[pass] reasoning with the original evidence	M	M	[pass] hindsight in the design	[pass] prediction accuracy on unseen evidence	[computed] Measurement atom; Autonomy	O4612 L301	KNOWN	S
L190	15	Scientific-discovery donor	Disputes as drama	[pass] results are taught, not how they were found	real scientific conflicts	controversy-based teaching	[pass] textbooks present conclusions	[pass] reasoning with the original evidence	M	M	[pass] hindsight in the design	[pass] prediction accuracy on unseen evidence	[computed] Thinker conflicts; Historians' disputes	L223 L385	KNOWN	S
L191	15	Scientific-discovery donor	Personal lab notebook	[pass] results are taught, not how they were found	registered self-experiments	lab notebooks	[pass] textbooks present conclusions	[pass] reasoning with the original evidence	M	M	[pass] hindsight in the design	[pass] prediction accuracy on unseen evidence	[computed] Experiment registry; Self-assessment rubrics	L485 L452	KNOWN	S
L192	15	Scientific-discovery donor	Fermi estimates	[pass] results are taught, not how they were found	orders of magnitude	Fermi problems	[pass] textbooks present conclusions	[pass] reasoning with the original evidence	M	M	[pass] hindsight in the design	[pass] prediction accuracy on unseen evidence	[computed] Orders of magnitude; Orders-of-magnitude ladder	L342 O6718	KNOWN	S
L193	15	Scientific-discovery donor	Model-based reasoning	[pass] results are taught, not how they were found	reason by building and running a small model rather than recalling facts	model-based reasoning (Nersessian)	[pass] textbooks present conclusions	[pass] reasoning with the original evidence	M	M	[pass] hindsight in the design	[pass] prediction accuracy on unseen evidence	[computed] Causal model building; Values vs facts splitter	L320 O5516	KNOWN	S
L194	15	Scientific-discovery donor	Peer-review simulation	[pass] results are taught, not how they were found	the learner reviews a simulated paper and a simulated reviewer replies	peer-review training	[pass] textbooks present conclusions	[pass] reasoning with the original evidence	M	M	rejected: cost exceeds value	[pass] prediction accuracy on unseen evidence	[computed] Protégé effect; Alien item difficulty calibration	L010 O5213	KNOWN	R:COST
L195	15	Scientific-discovery donor	Landmark figures	[pass] results are taught, not how they were found	read the original figure	history-of-science cases	[pass] textbooks present conclusions	[pass] reasoning with the original evidence	M	M	[pass] hindsight in the design	[pass] prediction accuracy on unseen evidence	[computed] Whole treatises; Whole histories	L364 L390	KNOWN	S
L196	16	Expertise donor	Many cases with feedback	[pass] expert perception is not taught	recognition-primed skill	Klein's RPD model	[pass] experts' cues are tacit	[pass] fast, accurate recognition from many cases	M	M	[pass] narrow transfer	[pass] new-case accuracy and speed	[computed] Intuition from many cases; Collapse cases	O5105 L416	KNOWN	S
L197	16	Expertise donor	Perceptual category learning	[pass] expert perception is not taught	fast visual discrimination	perceptual learning modules (Kellman)	[pass] experts' cues are tacit	[pass] fast, accurate recognition from many cases	M	M	[pass] narrow transfer	[pass] new-case accuracy and speed	[computed] Learning-style profile; Perceptual resolution drills	O5913 O4711	KNOWN	S
L198	16	Expertise donor	Pre-mortem	[pass] expert perception is not taught	imagine the failure first	Klein 2007	[pass] experts' cues are tacit	[pass] fast, accurate recognition from many cases	M	M	[pass] narrow transfer	[pass] new-case accuracy and speed	[computed] Pre-mortem critique; No single point of failure	O5805 L406	KNOWN	S
L199	16	Expertise donor	Cue discovery	[pass] expert perception is not taught	find the cue experts use	cue learning research	[pass] experts' cues are tacit	[pass] fast, accurate recognition from many cases	M	M	[pass] narrow transfer	[pass] new-case accuracy and speed	[computed] Expert disagreement finder; Embodied tasks	L474 L318	KNOWN	S
L200	16	Expertise donor	Expert think-alouds	[pass] expert perception is not taught	recordings of experts thinking aloud through cases	cognitive task analysis	[pass] experts' cues are tacit	[pass] fast, accurate recognition from many cases	M	M	rejected: rights problem	[pass] new-case accuracy and speed	[computed] Philosophy of science by cases; Expert disagreement finder	L360 L474	KNOWN	R:COPY
L201	16	Expertise donor	Fluency rounds	[pass] expert perception is not taught	speed after mastery	fluency training (precision teaching)	[pass] experts' cues are tacit	[pass] fast, accurate recognition from many cases	M	M	[pass] narrow transfer	[pass] new-case accuracy and speed	[computed] Speed-reading for concepts; Definitions after concepts	O4915 L362	KNOWN	S
L202	16	Expertise donor	Error patterns	[pass] expert perception is not taught	recognise classes of error	error analysis	[pass] experts' cues are tacit	[pass] fast, accurate recognition from many cases	M	M	[pass] narrow transfer	[pass] new-case accuracy and speed	[computed] Error-type twin; Dark-pattern ban	O5918 L423	KNOWN	S
L203	16	Expertise donor	Reference class	[pass] expert perception is not taught	start from base rates of similar cases	reference-class forecasting	[pass] experts' cues are tacit	[pass] fast, accurate recognition from many cases	M	M	[pass] narrow transfer	[pass] new-case accuracy and speed	[computed] Primitives inside medicine; Medicine + base rates	L064 L462	KNOWN	S
L204	16	Expertise donor	Calibration drills	[pass] expert perception is not taught	repeated confidence-rated items with feedback on calibration	Good Judgment Project	[pass] experts' cues are tacit	[pass] fast, accurate recognition from many cases	M	M	[pass] narrow transfer	[pass] new-case accuracy and speed	[computed] Haptic confidence; Taste calibration	L425 O5708	KNOWN	S
L205	16	Expertise donor	Surprise journal	[pass] expert perception is not taught	a free-text journal of surprises	prediction journals	[pass] experts' cues are tacit	[pass] fast, accurate recognition from many cases	M	M	rejected: open-ended thinking tax	[pass] new-case accuracy and speed	[computed] Bounded self-explanation; Free-text reflection box	L312 O4318	KNOWN	R:TAX
L206	16	Expertise donor	Surface variation	[pass] expert perception is not taught	same deep structure, many surfaces	variability of practice	[pass] experts' cues are tacit	[pass] fast, accurate recognition from many cases	M	M	[pass] narrow transfer	[pass] new-case accuracy and speed	[computed] Same-shape detector; Variation and selection of explanations	L019 L072	KNOWN	S
L207	16	Expertise donor	Expert blind-spot map	[pass] expert perception is not taught	a map of what experts fail to explain to novices	expert blind spot (Nathan & Petrosino)	[pass] experts' cues are tacit	[pass] fast, accurate recognition from many cases	M	M	rejected: cannot be measured	[pass] new-case accuracy and speed	[computed] Blind-spot survey; Gain scheduling	L479 L096	KNOWN	R:UNTEST
L208	16	Expertise donor	Tacit contrast	[pass] expert perception is not taught	elicit tacit knowledge by contrasts	tacit knowledge elicitation	[pass] experts' cues are tacit	[pass] fast, accurate recognition from many cases	M	M	[pass] narrow transfer	[pass] new-case accuracy and speed	[computed] Knowledge in pieces; Pattern separation	L324 L334	KNOWN	S
L209	17	Game-design donor	Committed bets	[pass] practice lacks structure and challenge	stake confidence on predictions	prediction markets	[pass] exercises are flat lists	[pass] structured challenge without manipulation	L	M	[pass] gamification slop	[pass] does the structure raise delayed transfer	[computed] Belief ledger; Prediction error	O5401 L327	KNOWN	S
L210	17	Game-design donor	Multi-primitive boss problems	[pass] practice lacks structure and challenge	problems needing two primitives	capstone problems	[pass] exercises are flat lists	[pass] structured challenge without manipulation	L	M	[pass] gamification slop	[pass] does the structure raise delayed transfer	[computed] Primitive portfolio; Parallel primitives	L278 L140	KNOWN	S
L211	17	Game-design donor	Sandbox models	[pass] practice lacks structure and challenge	open models with no task, explored freely	sandbox games	[pass] exercises are flat lists	[pass] structured challenge without manipulation	L	M	[pass] gamification slop	[pass] does the structure raise delayed transfer	[computed] 3D models; Timelines as models	L438 L386	KNOWN	S
L212	17	Game-design donor	Speedruns	[pass] practice lacks structure and challenge	race through sessions against the clock	speedrunning	[pass] exercises are flat lists	[pass] structured challenge without manipulation	L	M	rejected: decoration or gamification	[pass] does the structure raise delayed transfer	[computed] Discovery obligation; Circadian gate	O6913 L074	KNOWN	R:SLOP
L213	17	Game-design donor	Hidden-information puzzles	[pass] practice lacks structure and challenge	puzzles where the right move is asking for the hidden variable	hidden-information games	[pass] exercises are flat lists	[pass] structured challenge without manipulation	L	M	[pass] gamification slop	[pass] does the structure raise delayed transfer	[computed] Blind-spot sense; Unknown-unknown probe	O4718 O5204	KNOWN	S
L214	17	Game-design donor	Levels by transfer	[pass] practice lacks structure and challenge	game levels unlocked by transfer scores	level design	[pass] exercises are flat lists	[pass] structured challenge without manipulation	L	M	rejected: decoration or gamification	[pass] does the structure raise delayed transfer	[computed] New Game+; Lesson as a level with a boss	L220 L049	KNOWN	R:SLOP
L215	17	Game-design donor	Save points	[pass] practice lacks structure and challenge	resume exactly where the learner stopped	save systems	[pass] exercises are flat lists	[pass] structured challenge without manipulation	L	M	[pass] gamification slop	[pass] does the structure raise delayed transfer	[computed] Mechanism passport; Learner genome	O5016 L078	KNOWN	S
L216	17	Game-design donor	Player-reading difficulty	[pass] practice lacks structure and challenge	difficulty adapts silently from behaviour	dynamic difficulty adjustment	[pass] exercises are flat lists	[pass] structured challenge without manipulation	L	M	[pass] gamification slop	[pass] does the structure raise delayed transfer	[computed] Hormesis; Speed-reading for concepts	L069 O4915	KNOWN	[computed] M:Committed bets
L217	17	Game-design donor	Campaign story	[pass] practice lacks structure and challenge	an overarching story connects the seasons	campaign design	[pass] exercises are flat lists	[pass] structured challenge without manipulation	L	M	[pass] gamification slop	[pass] does the structure raise delayed transfer	[computed] Federal seasons; Cheap authored seasons	L402 L405	KNOWN	[computed] M:Committed bets
L218	17	Game-design donor	Badges	[pass] practice lacks structure and challenge	badges for achievements	gamification badges	[pass] exercises are flat lists	[pass] structured challenge without manipulation	L	M	rejected: decoration or gamification	[pass] does the structure raise delayed transfer	[computed] Motivation outsourcing refusal; Capability as the unit	O4114 L001	KNOWN	R:SLOP
L219	17	Game-design donor	Co-op	[pass] practice lacks structure and challenge	two learners, one model	cooperative games	[pass] exercises are flat lists	[pass] structured challenge without manipulation	L	M	[pass] gamification slop	[pass] does the structure raise delayed transfer	[computed] Parallel primitives; Model consistency check	L140 O5615	KNOWN	S
L220	17	Game-design donor	New Game+	[pass] practice lacks structure and challenge	replay with no scaffolds	New Game+ (games)	[pass] exercises are flat lists	[pass] structured challenge without manipulation	L	M	[pass] gamification slop	[pass] does the structure raise delayed transfer	[computed] Lesson as a level with a boss; Levels by transfer	L049 L214	KNOWN	S
L221	17	Game-design donor	Emergent play	[pass] practice lacks structure and challenge	models that surprise	emergent gameplay	[pass] exercises are flat lists	[pass] structured challenge without manipulation	L	M	[pass] gamification slop	[pass] does the structure raise delayed transfer	[computed] 3D models; Anomaly of the month	L438 O6203	KNOWN	S
L222	18	Story donor	Mystery structure	[pass] ideas without narrative are forgotten	question → clues → reveal	mystery narrative structure	[pass] stories seen as soft	[pass] memorable anchors that stay true	L	M	[pass] fabrication and manipulation	[pass] hook accuracy for story-anchored ideas	[computed] Question vault; Question, not topic	L476 L009	KNOWN	S
L223	18	Story donor	Thinker conflicts	[pass] ideas without narrative are forgotten	real disputes	history of ideas	[pass] stories seen as soft	[pass] memorable anchors that stay true	L	M	[pass] fabrication and manipulation	[pass] hook accuracy for story-anchored ideas	[computed] Disputes as drama; Historians' disputes	L190 L385	KNOWN	S
L224	18	Story donor	Future self as protagonist	[pass] ideas without narrative are forgotten	the learner's own future self narrates why the idea matters	possible selves research	[pass] stories seen as soft	[pass] memorable anchors that stay true	L	M	[pass] fabrication and manipulation	[pass] hook accuracy for story-anchored ideas	[computed] Contract with the future self; Self-directed seasons	L482 L519	KNOWN	S
L225	18	Story donor	Cliffhangers	[pass] ideas without narrative are forgotten	sessions end on unresolved hooks to pull the learner back	serial fiction	[pass] stories seen as soft	[pass] memorable anchors that stay true	L	M	rejected: manufactured compulsion	[pass] hook accuracy for story-anchored ideas	[computed] Closed endings; Learner authors sessions	O4411 L508	KNOWN	R:ADDICT
L226	18	Story donor	Myth checks as twists	[pass] ideas without narrative are forgotten	vivid story, checked detail	misconception-based teaching	[pass] stories seen as soft	[pass] memorable anchors that stay true	L	M	[pass] fabrication and manipulation	[pass] hook accuracy for story-anchored ideas	[computed] Campaign story; Boss as story game	L217 O6114	KNOWN	S
L227	18	Story donor	Counterfactual narratives	[pass] ideas without narrative are forgotten	stories of what would have happened otherwise, then checked against evidence	counterfactual history	[pass] stories seen as soft	[pass] memorable anchors that stay true	L	M	[pass] fabrication and manipulation	[pass] hook accuracy for story-anchored ideas	[computed] Question from a surprise; Counterfactual tasks	O5303 L379	KNOWN	S
L228	18	Story donor	Story → model → story	[pass] ideas without narrative are forgotten	open with a story, extract the model, close with a new story using it	case → principle → case teaching	[pass] stories seen as soft	[pass] memorable anchors that stay true	L	M	[pass] fabrication and manipulation	[pass] hook accuracy for story-anchored ideas	[computed] Co-op; New Game+	L219 L220	KNOWN	S
L229	18	Story donor	Unreliable narrator	[pass] ideas without narrative are forgotten	a misleading claim to debunk	erroneous examples	[pass] stories seen as soft	[pass] memorable anchors that stay true	L	M	[pass] fabrication and manipulation	[pass] hook accuracy for story-anchored ideas	[computed] Evidence consensus; Provenance checker	L171 L504	KNOWN	[computed] M:Mystery structure
L230	18	Story donor	Character anchors	[pass] ideas without narrative are forgotten	a person carries the idea	character-driven narrative	[pass] stories seen as soft	[pass] memorable anchors that stay true	L	M	[pass] fabrication and manipulation	[pass] hook accuracy for story-anchored ideas	[computed] Punctuated weeks; One idea per session	L089 O4413	KNOWN	S
L231	18	Story donor	Branching story	[pass] ideas without narrative are forgotten	stories whose branches follow the learner's predictions	branching narratives	[pass] stories seen as soft	[pass] memorable anchors that stay true	L	M	[pass] fabrication and manipulation	[pass] hook accuracy for story-anchored ideas	[computed] Interferometer on beliefs; Learner genome	O5513 L078	KNOWN	[computed] M:Myth checks as twists
L232	18	Story donor	Serial arcs	[pass] ideas without narrative are forgotten	season-long threads	serial storytelling	[pass] stories seen as soft	[pass] memorable anchors that stay true	L	M	[pass] fabrication and manipulation	[pass] hook accuracy for story-anchored ideas	[computed] Reflex arcs; Auto-season from a book	L077 L505	KNOWN	S
L233	18	Story donor	Stakes per session	[pass] ideas without narrative are forgotten	each session opens with what goes wrong without the idea	relevance interventions (Hulleman & Harackiewicz)	[pass] stories seen as soft	[pass] memorable anchors that stay true	L	M	[pass] fabrication and manipulation	[pass] hook accuracy for story-anchored ideas	[computed] Stakes-first framing; Handover protocol	O4212 O6815	KNOWN	S
L234	18	Story donor	Fictionalised facts	[pass] ideas without narrative are forgotten	invented details added to real history for vividness	historical fiction	[pass] stories seen as soft	[pass] memorable anchors that stay true	L	M	rejected: fabrication risk	[pass] hook accuracy for story-anchored ideas	[computed] Thinker conflicts; Real research	L223 L513	KNOWN	R:TRUTH
L235	19	Visual-art donor	Paired taste tasks	[pass] taste and looking are untrained	which of two is better and why	comparative judgement	[pass] art taught as appreciation of names	[pass] trained perception with stated criteria	M	M	[pass] rights and subjectivity	[pass] blind-pair accuracy	[computed] Taste + mechanism; Beauty in mathematics	L457 O5710	KNOWN	S
L236	19	Visual-art donor	Looking protocols	[pass] taste and looking are untrained	structured looking at masterworks	Visual Thinking Strategies	[pass] art taught as appreciation of names	[pass] trained perception with stated criteria	M	M	[pass] rights and subjectivity	[pass] blind-pair accuracy	[computed] Street-object looking; Forced slow looking	O4204 O4218	KNOWN	S
L237	19	Visual-art donor	Alter one thing	[pass] taste and looking are untrained	which change breaks the composition?	ablation in design critique	[pass] art taught as appreciation of names	[pass] trained perception with stated criteria	M	M	[pass] rights and subjectivity	[pass] blind-pair accuracy	[computed] Alter-one-thing art pairs; Boss world with a decision	O5706 O6106	KNOWN	S
L238	19	Visual-art donor	Interleaved styles	[pass] taste and looking are untrained	style discrimination by interleaving	Kornell & Bjork 2008	[pass] art taught as appreciation of names	[pass] trained perception with stated criteria	M	M	[pass] rights and subjectivity	[pass] blind-pair accuracy	[computed] Interleaved style discrimination; Learning-style profile	O5707 O5913	KNOWN	S
L239	19	Visual-art donor	Draw to see	[pass] taste and looking are untrained	draw the thing to notice its structure	drawing effect	[pass] art taught as appreciation of names	[pass] trained perception with stated criteria	M	M	[pass] rights and subjectivity	[pass] blind-pair accuracy	[computed] Sketch it; Tension curves	L063 L256	KNOWN	S
L240	19	Visual-art donor	Art as evidence	[pass] taste and looking are untrained	a painting as a historical source	art as historical evidence	[pass] art taught as appreciation of names	[pass] trained perception with stated criteria	M	M	[pass] rights and subjectivity	[pass] blind-pair accuracy	[computed] Evidence ledger; Art and science pairing	L484 O5007	KNOWN	S
L241	19	Visual-art donor	Calibrated beauty ratings	[pass] taste and looking are untrained	beauty ratings with confidence scored against panel agreement	comparative judgement with calibration	[pass] art taught as appreciation of names	[pass] trained perception with stated criteria	M	M	[pass] rights and subjectivity	[pass] blind-pair accuracy	[computed] Proper scoring rule; Truthful difficulty reports	L287 L297	KNOWN	S
L242	19	Visual-art donor	Copy then vary	[pass] taste and looking are untrained	reproduce a structure, then vary one element	atelier method	[pass] art taught as appreciation of names	[pass] trained perception with stated criteria	M	M	[pass] rights and subjectivity	[pass] blind-pair accuracy	[computed] Imitate-then-vary drills; Silence as structure	O5717 L259	KNOWN	S
L243	19	Visual-art donor	Virtual museum walk	[pass] taste and looking are untrained	a virtual walk through museum rooms	virtual museum tours	[pass] art taught as appreciation of names	[pass] trained perception with stated criteria	M	M	rejected: rights problem	[pass] blind-pair accuracy	[computed] Walk-through models; Place from primary maps	L266 O4217	KNOWN	R:COPY
L244	19	Visual-art donor	Constraints as design lessons	[pass] taste and looking are untrained	design lessons from constraints (budget, material, site)	design education	[pass] art taught as appreciation of names	[pass] trained perception with stated criteria	M	M	[pass] rights and subjectivity	[pass] blind-pair accuracy	[computed] Light and material; Minutes as currency	L273 L281	KNOWN	S
L245	19	Visual-art donor	Ekphrasis	[pass] taste and looking are untrained	write a description of an artwork	ekphrasis	[pass] art taught as appreciation of names	[pass] trained perception with stated criteria	M	M	rejected: open-ended thinking tax	[pass] blind-pair accuracy	[computed] Stakes writer; Dictation	L503 L258	KNOWN	R:TAX
L246	19	Visual-art donor	Composition overlays	[pass] taste and looking are untrained	grid and line overlays revealing composition	composition analysis	[pass] art taught as appreciation of names	[pass] trained perception with stated criteria	M	M	[pass] rights and subjectivity	[pass] blind-pair accuracy	[computed] AR loops; Stakes writer	L430 L503	KNOWN	S
L247	19	Visual-art donor	Public-domain art library	[pass] taste and looking are untrained	with provenance	open-access museum collections	[pass] art taught as appreciation of names	[pass] trained perception with stated criteria	M	M	[pass] rights and subjectivity	[pass] blind-pair accuracy	[computed] Public-domain library build; Public-domain recordings	O5720 L253	KNOWN	S
L248	20	Music donor	Predict the next note	[pass] listening is passive	musical expectation	Huron's ITPRA theory	[pass] music taught as history or theory lists	[pass] active, structural listening	M	M	[pass] rights of recordings	[pass] prediction items on public-domain pieces	[computed] History + prediction; Music expectation pairs	L466 O5711	KNOWN	S
L249	20	Music donor	Same melody, other harmony	[pass] listening is passive	contrast pairs	reharmonisation exercises	[pass] music taught as history or theory lists	[pass] active, structural listening	M	M	[pass] rights of recordings	[pass] prediction items on public-domain pieces	[computed] Same data, two charts; Data-ink pairs	O4807 O5704	KNOWN	S
L250	20	Music donor	Rhythm as a loop	[pass] listening is passive	teach rhythm as a feedback loop	none found	[pass] music taught as history or theory lists	[pass] active, structural listening	M	M	rejected: decoration or gamification	[pass] prediction items on public-domain pieces	[computed] Observation quest; Haptic confidence	L058 L425	UNCLEAR	R:SLOP
L251	20	Music donor	Form as argument	[pass] listening is passive	sonata form as a structure of claims	musical form analysis	[pass] music taught as history or theory lists	[pass] active, structural listening	M	M	[pass] rights of recordings	[pass] prediction items on public-domain pieces	[computed] Mystery structure; Draw to see	L222 L239	KNOWN	S
L252	20	Music donor	Cochlea link	[pass] listening is passive	pitch place code bridges to CNS	psychoacoustics	[pass] music taught as history or theory lists	[pass] active, structural listening	M	M	[pass] rights of recordings	[pass] prediction items on public-domain pieces	[computed] Separation of powers; Belief version control	L395 L357	KNOWN	S
L253	20	Music donor	Public-domain recordings	[pass] listening is passive	bundle public-domain recordings with provenance	public-domain audio archives	[pass] music taught as history or theory lists	[pass] active, structural listening	M	M	[pass] rights of recordings	[pass] prediction items on public-domain pieces	[computed] Public-domain library build; Public-domain art library	O5720 L247	KNOWN	S
L254	20	Music donor	Motif tracking	[pass] listening is passive	follow a motif through a piece with fixed-option checkpoints	motivic analysis	[pass] music taught as history or theory lists	[pass] active, structural listening	M	M	[pass] rights of recordings	[pass] prediction items on public-domain pieces	[computed] Dark-matter interviews; Lens toggle	O5215 O5501	KNOWN	S
L255	20	Music donor	Performer comparison	[pass] listening is passive	compare two performers of the same piece	comparative listening	[pass] music taught as history or theory lists	[pass] active, structural listening	M	M	rejected: rights problem	[pass] prediction items on public-domain pieces	[computed] Same data, two charts; Same-shape detector	O4807 L019	KNOWN	R:COPY
L256	20	Music donor	Tension curves	[pass] listening is passive	draw the tension of a passage	musical tension research	[pass] music taught as history or theory lists	[pass] active, structural listening	M	M	[pass] rights of recordings	[pass] prediction items on public-domain pieces	[computed] Sketch it; Draw to see	L063 L239	KNOWN	S
L257	20	Music donor	Music institutions	[pass] listening is passive	patronage as incentive design	sociology of music	[pass] music taught as history or theory lists	[pass] active, structural listening	M	M	[pass] rights of recordings	[pass] prediction items on public-domain pieces	[computed] Institutions as solutions; Gift economies	L376 L373	KNOWN	S
L258	20	Music donor	Dictation	[pass] listening is passive	write down heard melodies	ear training	[pass] music taught as history or theory lists	[pass] active, structural listening	M	M	rejected: cost exceeds value	[pass] prediction items on public-domain pieces	[computed] Ekphrasis; Stakes writer	L245 L503	KNOWN	R:COST
L259	20	Music donor	Silence as structure	[pass] listening is passive	teach silence as a structural element	music theory	[pass] music taught as history or theory lists	[pass] active, structural listening	M	M	rejected: decoration or gamification	[pass] prediction items on public-domain pieces	[computed] Copy then vary; The app as architecture	L242 L269	KNOWN	R:SLOP
L260	20	Music donor	Consonance physics	[pass] listening is passive	frequency ratios model	physics of consonance (Helmholtz)	[pass] music taught as history or theory lists	[pass] active, structural listening	M	M	[pass] rights of recordings	[pass] prediction items on public-domain pieces	[computed] Co-op; Personal physics dashboard	L219 O5916	KNOWN	S
L261	21	Architecture donor	Plans as arguments	[pass] design reasoning is invisible	read a building plan as an argument for how people should move	architectural criticism	[pass] buildings taught as styles	[pass] plans and structures read as arguments and causal chains	M	M	[pass] scope	[pass] design-reasoning items	[computed] Argument mapping; Whole treatises	L352 L364	KNOWN	S
L262	21	Architecture donor	Load paths as causal chains	[pass] design reasoning is invisible	trace loads through a structure as a causal chain	structural engineering	[pass] buildings taught as styles	[pass] plans and structures read as arguments and causal chains	M	M	[pass] scope	[pass] design-reasoning items	[computed] Question lineage cards; Hearsay filter	O5304 O6903	KNOWN	S
L263	21	Architecture donor	Collapses	[pass] design reasoning is invisible	engineering failures	failure case studies	[pass] buildings taught as styles	[pass] plans and structures read as arguments and causal chains	M	M	[pass] scope	[pass] design-reasoning items	[computed] Dark-matter atoms; Capability as the unit	O4609 L001	KNOWN	S
L264	21	Architecture donor	Room → city scale	[pass] design reasoning is invisible	the same principle from a room to a city	Powers of Ten (Eames)	[pass] buildings taught as styles	[pass] plans and structures read as arguments and causal chains	M	M	[pass] scope	[pass] design-reasoning items	[computed] Time-scale switching; Scale switch	L382 O5504	KNOWN	S
L265	21	Architecture donor	Pattern language	[pass] design reasoning is invisible	Alexander's patterns as primitives	Alexander 1977	[pass] buildings taught as styles	[pass] plans and structures read as arguments and causal chains	M	M	[pass] scope	[pass] design-reasoning items	[computed] Dark-pattern ban; Architecture pattern language	L423 O6613	KNOWN	S
L266	21	Architecture donor	Walk-through models	[pass] design reasoning is invisible	walk through 3D models of buildings	architectural walkthroughs	[pass] buildings taught as styles	[pass] plans and structures read as arguments and causal chains	M	M	rejected: cost exceeds value	[pass] design-reasoning items	[computed] Virtual museum walk; Place from primary maps	L243 O4217	KNOWN	R:COST
L267	21	Architecture donor	Constraints → form	[pass] design reasoning is invisible	show how constraints produced a form	form follows function	[pass] buildings taught as styles	[pass] plans and structures read as arguments and causal chains	M	M	[pass] scope	[pass] design-reasoning items	[computed] Resonance timing; Form as argument	O6704 L251	KNOWN	S
L268	21	Architecture donor	Vernacular vs monumental	[pass] design reasoning is invisible	compare vernacular and monumental solutions to one problem	vernacular architecture studies	[pass] buildings taught as styles	[pass] plans and structures read as arguments and causal chains	M	M	[pass] scope	[pass] design-reasoning items	[computed] Alien domain monthly; Institutions as solutions	O5202 L376	KNOWN	S
L269	21	Architecture donor	The app as architecture	[pass] design reasoning is invisible	teach design by examining the app's own structure	dogfooding	[pass] buildings taught as styles	[pass] plans and structures read as arguments and causal chains	M	M	[pass] scope	[pass] design-reasoning items	[computed] Light and material; Silence as structure	L273 L259	KNOWN	S
L270	21	Architecture donor	Induced demand	[pass] design reasoning is invisible	traffic as a reinforcing loop	induced demand (transport economics)	[pass] buildings taught as styles	[pass] plans and structures read as arguments and causal chains	M	M	[pass] scope	[pass] design-reasoning items	[computed] Provenance on demand; Sketch it	L429 L063	KNOWN	S
L271	21	Architecture donor	City time-lapse	[pass] design reasoning is invisible	time-lapse of a city's growth	urban history visualisations	[pass] buildings taught as styles	[pass] plans and structures read as arguments and causal chains	M	M	rejected: rights problem	[pass] design-reasoning items	[computed] Growth archive; Time as a commons	L410 L394	KNOWN	R:COPY
L272	21	Architecture donor	Building codes and Goodhart	[pass] design reasoning is invisible	building codes as a Goodhart case	regulatory studies	[pass] buildings taught as styles	[pass] plans and structures read as arguments and causal chains	M	M	[pass] scope	[pass] design-reasoning items	[computed] Founder + Goodhart; Parallel primitives	L463 L140	KNOWN	S
L273	21	Architecture donor	Light and material	[pass] design reasoning is invisible	teach light and material in architecture	architectural design	[pass] buildings taught as styles	[pass] plans and structures read as arguments and causal chains	M	M	rejected: outside the mission	[pass] design-reasoning items	[computed] The app as architecture; Rhythm as a loop	L269 L250	KNOWN	R:SCOPE
L274	22	Economics donor	Visible opportunity cost	[pass] time and incentives are ignored	show what the minutes are traded against	opportunity cost	[pass] learning assumed free	[pass] every minute priced; incentives audited	L	L	[pass] coldness	[pass] minutes and incentive audits	[computed] Opportunity-cost line; Minutes per click	O6418 O4402	KNOWN	S
L275	22	Economics donor	Marginal stop rule	[pass] time and incentives are ignored	stop when the next minute is worth less than its alternative	marginal analysis	[pass] learning assumed free	[pass] every minute priced; incentives audited	L	L	[pass] coldness	[pass] minutes and incentive audits	[computed] Question budget per decision; Atom mutation	O5314 O4618	KNOWN	S
L276	22	Economics donor	Incentive audit of the app	[pass] time and incentives are ignored	audit what the app itself rewards	mechanism design	[pass] learning assumed free	[pass] every minute priced; incentives audited	L	L	[pass] coldness	[pass] minutes and incentive audits	[computed] Incentive sense; Taste audit of the app itself	O4708 O5718	KNOWN	S
L277	22	Economics donor	Representation market	[pass] time and incentives are ignored	representations bid for slots by past fitness	markets	[pass] learning assumed free	[pass] every minute priced; incentives audited	L	L	[pass] coldness	[pass] minutes and incentive audits	[computed] Representation evolution loop; Representation generator + tournament	O6508 L496	KNOWN	[computed] M:Visible opportunity cost
L278	22	Economics donor	Primitive portfolio	[pass] time and incentives are ignored	diversify primitives	portfolio theory	[pass] learning assumed free	[pass] every minute priced; incentives audited	L	L	[pass] coldness	[pass] minutes and incentive audits	[computed] Primitive dictionary; Multi-primitive boss problems	L120 L210	KNOWN	S
L279	22	Economics donor	Sunk-cost exit	[pass] time and incentives are ignored	leave bad sessions	sunk-cost research	[pass] learning assumed free	[pass] every minute priced; incentives audited	L	L	[pass] coldness	[pass] minutes and incentive audits	[computed] Circadian gate; Live data sessions	L074 L436	KNOWN	S
L280	22	Economics donor	Human vs machine advantage	[pass] time and incentives are ignored	teach what humans keep vs what machines do better	comparative advantage	[pass] learning assumed free	[pass] every minute priced; incentives audited	L	L	[pass] coldness	[pass] minutes and incentive audits	[computed] Delta teaching; Machine view	L121 O5510	KNOWN	S
L281	22	Economics donor	Minutes as currency	[pass] time and incentives are ignored	minutes treated as the budget currency	time budgeting	[pass] learning assumed free	[pass] every minute priced; incentives audited	L	L	[pass] coldness	[pass] minutes and incentive audits	[computed] Homeostatic time budget; Life-minutes accounting	L068 L489	KNOWN	S
L282	22	Economics donor	Externalities on medicine	[pass] time and incentives are ignored	count Renaissance's side effects on medicine	externalities	[pass] learning assumed free	[pass] every minute priced; incentives audited	L	L	[pass] coldness	[pass] minutes and incentive audits	[computed] Priority scheduler; Symbiosis with medicine	L144 L071	KNOWN	S
L283	22	Economics donor	Option value	[pass] time and incentives are ignored	skills that keep futures open	real options	[pass] learning assumed free	[pass] every minute priced; incentives audited	L	L	[pass] coldness	[pass] minutes and incentive audits	[computed] Curiosity first; Hint cost display	L326 O6015	KNOWN	S
L284	22	Economics donor	Moral hazard of AI help	[pass] time and incentives are ignored	AI help that removes effort also removes learning; no answer channel	Bastani et al. 2025	[pass] learning assumed free	[pass] every minute priced; incentives audited	L	L	[pass] coldness	[pass] minutes and incentive audits	[computed] Answer-first AI tutor; Quantum learning	O6011 O6716	KNOWN	S
L285	22	Economics donor	Signal vs capability	[pass] time and incentives are ignored	separate evidence of capability from signals of it	Spence signalling	[pass] learning assumed free	[pass] every minute priced; incentives audited	L	L	[pass] coldness	[pass] minutes and incentive audits	[computed] Evidence ledger; Material culture	L484 L375	KNOWN	S
L286	22	Economics donor	Slot auctions	[pass] time and incentives are ignored	sessions auction for the daily slot	auctions	[pass] learning assumed free	[pass] every minute priced; incentives audited	L	L	rejected: decoration or gamification	[pass] minutes and incentive audits	[computed] Epidemic curves for engagement; Circadian gate	O7017 L074	KNOWN	R:SLOP
L287	23	Measurement and incentive-design donor	Proper scoring rule	[pass] metrics get gamed	confidence scored by Brier	proper scoring rules	[pass] grades are targets	[pass] measures that resist gaming	L	L	[pass] complexity	[pass] gaming tests on each metric	[computed] Calibration by confidence tier; Confidence on every answer	O5406 L007	KNOWN	S
L288	23	Measurement and incentive-design donor	No composite score	[pass] metrics get gamed	never collapse evidence into one number	Goodhart	[pass] grades are targets	[pass] measures that resist gaming	L	L	[pass] complexity	[pass] gaming tests on each metric	[computed] No deadlock; IQ-style atom score	L151 O4616	KNOWN	S
L289	23	Measurement and incentive-design donor	Held-out audits	[pass] metrics get gamed	items never shown in sessions audit real learning	CNS donor	[pass] grades are targets	[pass] measures that resist gaming	L	L	[pass] complexity	[pass] gaming tests on each metric	[computed] Held-out battery per primitive; Exercise before learning	O4517 L332	KNOWN	S
L290	23	Measurement and incentive-design donor	Opt-in commitment contracts	[pass] metrics get gamed	the learner may opt into a commitment contract	CARES	[pass] grades are targets	[pass] measures that resist gaming	L	L	[pass] complexity	[pass] gaming tests on each metric	[computed] No answer-giving AI; Negotiation + commitment	L293 L468	KNOWN	S
L291	23	Measurement and incentive-design donor	Incentive-compatible self-report	[pass] metrics get gamed	"did you use it?"	incentive-compatible elicitation	[pass] grades are targets	[pass] measures that resist gaming	L	L	[pass] complexity	[pass] gaming tests on each metric	[computed] That-clicked button; Random audits of self-report	O4418 L292	KNOWN	S
L292	23	Measurement and incentive-design donor	Random audits of self-report	[pass] metrics get gamed	occasionally verify self-reports against logs	audits	[pass] grades are targets	[pass] measures that resist gaming	L	L	[pass] complexity	[pass] gaming tests on each metric	[computed] Truthful difficulty reports; Incentive-compatible self-report	L297 L291	KNOWN	S
L293	23	Measurement and incentive-design donor	No answer-giving AI	[pass] metrics get gamed	no feature ever gives the learner the answer before commitment	AI-tutor studies (Bastani et al. 2024)	[pass] grades are targets	[pass] measures that resist gaming	L	L	[pass] complexity	[pass] gaming tests on each metric	[computed] AI-off days; Appeals	O6003 L396	KNOWN	S
L294	23	Measurement and incentive-design donor	Hook-vote season choice	[pass] metrics get gamed	hook results vote for the next season	voting mechanisms	[pass] grades are targets	[pass] measures that resist gaming	L	L	[pass] complexity	[pass] gaming tests on each metric	[computed] Adjacent-possible choice; Athlete-centred choice	O6207 O7115	KNOWN	S
L295	23	Measurement and incentive-design donor	Penalty-free exit	[pass] metrics get gamed	leaving never costs anything	exit rights	[pass] grades are targets	[pass] measures that resist gaming	L	L	[pass] complexity	[pass] gaming tests on each metric	[computed] FOMO-free frontier; Journaling	O6415 L062	KNOWN	S
L296	23	Measurement and incentive-design donor	Tournaments with prizes	[pass] metrics get gamed	tournaments with prizes	competitions	[pass] grades are targets	[pass] measures that resist gaming	L	L	rejected: decoration or gamification	[pass] gaming tests on each metric	[computed] Capability as the unit; Predict before tell	L001 L002	KNOWN	R:SLOP
L297	23	Measurement and incentive-design donor	Truthful difficulty reports	[pass] metrics get gamed	difficulty reports scored against outcomes	proper scoring	[pass] grades are targets	[pass] measures that resist gaming	L	L	[pass] complexity	[pass] gaming tests on each metric	[computed] Calibrated beauty ratings; Random audits of self-report	L241 L292	KNOWN	S
L298	23	Measurement and incentive-design donor	Pre-registration	[pass] metrics get gamed	season bets written before release	pre-registration	[pass] grades are targets	[pass] measures that resist gaming	L	L	[pass] complexity	[pass] gaming tests on each metric	[computed] Season bet scoring; Pre-test probability habit	O6501 O6803	KNOWN	S
L299	23	Measurement and incentive-design donor	Error bounty	[pass] metrics get gamed	reward finding content errors	bug bounties	[pass] grades are targets	[pass] measures that resist gaming	L	L	[pass] complexity	[pass] gaming tests on each metric	[computed] Errors that teach; Prediction error	L169 L327	KNOWN	S
L300	24	Motivation-psychology donor	Implementation intentions	[pass] motivation handled with tricks	if-then plans in forges	Gollwitzer 1999	[pass] rewards and messages chosen by habit	[pass] evidence-based motivation without manipulation	L	L	[pass] weak effects	[pass] delayed outcomes, not engagement	[computed] Reflex arcs; Forge templates	L077 L502	KNOWN	S
L301	24	Motivation-psychology donor	Autonomy	[pass] motivation handled with tricks	choose the hook	self-determination theory	[pass] rewards and messages chosen by habit	[pass] evidence-based motivation without manipulation	L	L	[pass] weak effects	[pass] delayed outcomes, not engagement	[computed] Pick by hook; Measurement design	L034 L189	KNOWN	S
L302	24	Motivation-psychology donor	Growth-mindset messages	[pass] motivation handled with tricks	messages praising effort	Dweck	[pass] rewards and messages chosen by habit	[pass] evidence-based motivation without manipulation	L	L	rejected: contradicted by evidence	[pass] delayed outcomes, not engagement	[computed] Growth archive; City time-lapse	L410 L271	KNOWN	R:EVID
L303	24	Motivation-psychology donor	Hypercorrection repair	[pass] motivation handled with tricks	confident errors get extra repair	Butterfield & Metcalfe 2001	[pass] rewards and messages chosen by habit	[pass] evidence-based motivation without manipulation	L	L	[pass] weak effects	[pass] delayed outcomes, not engagement	[computed] Errors that teach; Inhibitor misconceptions	L169 O4608	KNOWN	S
L304	24	Motivation-psychology donor	Testing effect	[pass] motivation handled with tricks	retrieval as the main activity	Roediger & Karpicke 2006	[pass] rewards and messages chosen by habit	[pass] evidence-based motivation without manipulation	L	L	[pass] weak effects	[pass] delayed outcomes, not engagement	[computed] Protégé effect; Generation effect	L010 L305	KNOWN	S
L305	24	Motivation-psychology donor	Generation effect	[pass] motivation handled with tricks	learner generates answers before reading them	Slamecka & Graf 1978	[pass] rewards and messages chosen by habit	[pass] evidence-based motivation without manipulation	L	L	[pass] weak effects	[pass] delayed outcomes, not engagement	[computed] Co-creation with AI; Protégé effect	O5820 L010	KNOWN	S
L306	24	Motivation-psychology donor	No seductive details	[pass] motivation handled with tricks	no decorative details that distract	Rey 2012	[pass] rewards and messages chosen by habit	[pass] evidence-based motivation without manipulation	L	L	[pass] weak effects	[pass] delayed outcomes, not engagement	[computed] Truth institutions; Emergent play	L413 L221	KNOWN	S
L307	24	Motivation-psychology donor	Fluency-illusion checks	[pass] motivation handled with tricks	check fluency with delayed items	fluency illusions (Bjork)	[pass] rewards and messages chosen by habit	[pass] evidence-based motivation without manipulation	L	L	[pass] weak effects	[pass] delayed outcomes, not engagement	[computed] Sense decay check; Wormhole decay check	O4713 O4920	KNOWN	S
L308	24	Motivation-psychology donor	Arousal	[pass] motivation handled with tricks	raise arousal before sessions	arousal and memory research	[pass] rewards and messages chosen by habit	[pass] evidence-based motivation without manipulation	L	L	[pass] weak effects	[pass] delayed outcomes, not engagement	[computed] Exercise before learning; Hydration and nutrition tips	L332 O7116	KNOWN	[computed] M:Generation effect
L309	24	Motivation-psychology donor	Social proof nudges	[pass] motivation handled with tricks	'others are learning now' nudges	social proof	[pass] rewards and messages chosen by habit	[pass] evidence-based motivation without manipulation	L	L	rejected: decoration or gamification	[pass] delayed outcomes, not engagement	[computed] Quantum learning; Proof skeleton	O6716 L127	KNOWN	R:SLOP
L310	24	Motivation-psychology donor	Loss-aversion streaks	[pass] motivation handled with tricks	streaks that punish missed days	loss aversion	[pass] rewards and messages chosen by habit	[pass] evidence-based motivation without manipulation	L	L	rejected: backlog or streak pressure	[pass] delayed outcomes, not engagement	[computed] Truth institutions; Emergent play	L413 L221	KNOWN	R:GUILT
L311	24	Motivation-psychology donor	Restoration breaks	[pass] motivation handled with tricks	scheduled nature breaks	attention restoration theory	[pass] rewards and messages chosen by habit	[pass] evidence-based motivation without manipulation	L	L	rejected: contradicted by evidence	[pass] delayed outcomes, not engagement	[computed] Classroom discussion; Alter one thing	O4119 L237	KNOWN	R:EVID
L312	24	Motivation-psychology donor	Bounded self-explanation	[pass] motivation handled with tricks	pick the step, not free text	Bisra et al. 2018	[pass] rewards and messages chosen by habit	[pass] evidence-based motivation without manipulation	L	L	[pass] weak effects	[pass] delayed outcomes, not engagement	[computed] Surprise journal; Free-text reflection box	L205 O4318	KNOWN	S
L313	25	Cognitive-science donor	Schema induction	[pass] teaching ignores how cognition works	two analogs → schema	Gick & Holyoak 1983	[pass] tradition over evidence	[pass] sessions built on robust cognitive findings	L	M	[pass] misapplied findings	[pass] delayed accuracy vs design choices	[computed] Analogy pair as the unit; Co-op	L018 L219	KNOWN	S
L314	25	Cognitive-science donor	Load management	[pass] teaching ignores how cognition works	manage load per step	Sweller	[pass] tradition over evidence	[pass] sessions built on robust cognitive findings	L	M	[pass] misapplied findings	[pass] delayed accuracy vs design choices	[computed] Term budget per step; Bounded self-explanation	L107 L312	KNOWN	S
L315	25	Cognitive-science donor	Expertise reversal	[pass] teaching ignores how cognition works	reduce guidance as expertise grows	Kalyuga 2003	[pass] tradition over evidence	[pass] sessions built on robust cognitive findings	L	M	[pass] misapplied findings	[pass] delayed accuracy vs design choices	[computed] Presumption reversal; One decision per screen	O6916 O4307	KNOWN	S
L316	25	Cognitive-science donor	Mental simulation	[pass] teaching ignores how cognition works	run the mechanism in the mind before seeing it	mental simulation	[pass] tradition over evidence	[pass] sessions built on robust cognitive findings	L	M	[pass] misapplied findings	[pass] delayed accuracy vs design choices	[computed] Symptom-to-mechanism mapping; Order-of-magnitude sense	O6105 O4706	KNOWN	S
L317	25	Cognitive-science donor	Chunking	[pass] teaching ignores how cognition works	group elements into chunks	chunking (Miller; Chase & Simon)	[pass] tradition over evidence	[pass] sessions built on robust cognitive findings	L	M	[pass] misapplied findings	[pass] delayed accuracy vs design choices	[computed] Classroom discussion; Periodic groups by operation	O4119 O4603	KNOWN	S
L318	25	Cognitive-science donor	Embodied tasks	[pass] teaching ignores how cognition works	tasks that use the body	embodied cognition	[pass] tradition over evidence	[pass] sessions built on robust cognitive findings	L	M	[pass] misapplied findings	[pass] delayed accuracy vs design choices	[computed] IO mapping; Truth institutions	L137 L413	KNOWN	S
L319	25	Cognitive-science donor	Interleaved categories	[pass] teaching ignores how cognition works	interleave categories in practice	interleaving (Rohrer)	[pass] tradition over evidence	[pass] sessions built on robust cognitive findings	L	M	[pass] misapplied findings	[pass] delayed accuracy vs design choices	[computed] Interleaved styles; Variable practice	L238 O7111	KNOWN	S
L320	25	Cognitive-science donor	Causal model building	[pass] teaching ignores how cognition works	build causal diagrams from cases	causal model learning	[pass] tradition over evidence	[pass] sessions built on robust cognitive findings	L	M	[pass] misapplied findings	[pass] delayed accuracy vs design choices	[computed] World model as primitives × cases; Compression of the model	O5601 O5606	KNOWN	S
L321	25	Cognitive-science donor	Judgments of learning	[pass] teaching ignores how cognition works	learner predicts own recall; compared with outcome	judgments of learning	[pass] tradition over evidence	[pass] sessions built on robust cognitive findings	L	M	[pass] misapplied findings	[pass] delayed accuracy vs design choices	[computed] Contingency scoring; AI-proof items	O5115 O6019	KNOWN	S
L322	25	Cognitive-science donor	Analogical distance ladder	[pass] teaching ignores how cognition works	transfer items ordered near to far	analogical transfer research	[pass] tradition over evidence	[pass] sessions built on robust cognitive findings	L	M	[pass] misapplied findings	[pass] delayed accuracy vs design choices	[computed] Ladder of distance; Distance-labelled transfer generator	O4913 L500	KNOWN	S
L323	25	Cognitive-science donor	Desirable difficulties	[pass] teaching ignores how cognition works	introduce difficulties that aid long-term retention	Bjork	[pass] tradition over evidence	[pass] sessions built on robust cognitive findings	L	M	[pass] misapplied findings	[pass] delayed accuracy vs design choices	[computed] Prediction error; Truth institutions	L327 L413	KNOWN	S
L324	25	Cognitive-science donor	Knowledge in pieces	[pass] teaching ignores how cognition works	diagnose fragments	diSessa	[pass] tradition over evidence	[pass] sessions built on robust cognitive findings	L	M	[pass] misapplied findings	[pass] delayed accuracy vs design choices	[computed] Tacit contrast; Knowledge half-life	L208 L411	KNOWN	S
L325	25	Cognitive-science donor	Refutation texts	[pass] teaching ignores how cognition works	name the misconception, then refute	refutation-text research	[pass] tradition over evidence	[pass] sessions built on robust cognitive findings	L	M	[pass] misapplied findings	[pass] delayed accuracy vs design choices	[computed] Reflex arcs; Reconsolidation	L077 L329	KNOWN	S
L326	26	Neuroscience-of-learning donor	Curiosity first	[pass] neuro claims mislead education	open with a question that triggers curiosity	Gruber 2014	[pass] neuromyths spread	[pass] only robust neuro-informed practices kept	L	L	[pass] neuromyths	[pass] evidence grade of each practice	[computed] Option value; Halving question	L283 O5302	KNOWN	S
L327	26	Neuroscience-of-learning donor	Prediction error	[pass] neuro claims mislead education	committed predictions create prediction errors that aid memory	prediction-error learning	[pass] neuromyths spread	[pass] only robust neuro-informed practices kept	L	L	[pass] neuromyths	[pass] evidence grade of each practice	[computed] Surprise-weighted memory; Errors that teach	L106 L169	KNOWN	S
L328	26	Neuroscience-of-learning donor	Sleep spacing	[pass] neuro claims mislead education	sleep between study and test	sleep and memory consolidation	[pass] neuromyths spread	[pass] only robust neuro-informed practices kept	L	L	[pass] neuromyths	[pass] evidence grade of each practice	[computed] Sleep before test; Sleep gate	L059 O6403	KNOWN	S
L329	26	Neuroscience-of-learning donor	Reconsolidation	[pass] neuro claims mislead education	retrieve, then modify	reconsolidation research	[pass] neuromyths spread	[pass] only robust neuro-informed practices kept	L	L	[pass] neuromyths	[pass] evidence grade of each practice	[computed] Reflex arcs; Implementation intentions	L077 L300	KNOWN	S
L330	26	Neuroscience-of-learning donor	Reward-prediction engagement	[pass] neuro claims mislead education	design engagement around reward prediction	reward-prediction dopamine research	[pass] neuromyths spread	[pass] only robust neuro-informed practices kept	L	L	rejected: manufactured compulsion	[pass] evidence grade of each practice	[computed] Stop as reward; Oscillation alarm	L490 L104	KNOWN	R:ADDICT
L331	26	Neuroscience-of-learning donor	Neurofeedback	[pass] neuro claims mislead education	train brain states with neurofeedback	neurofeedback	[pass] neuromyths spread	[pass] only robust neuro-informed practices kept	L	L	rejected: contradicted by evidence	[pass] evidence grade of each practice	[computed] Brain training; Brain–computer interfaces	L336 L434	KNOWN	R:EVID
L332	26	Neuroscience-of-learning donor	Exercise before learning	[pass] neuro claims mislead education	exercise before sessions	modest evidence	[pass] neuromyths spread	[pass] only robust neuro-informed practices kept	L	L	[pass] neuromyths	[pass] evidence grade of each practice	[computed] Arousal; Hydration and nutrition tips	L308 O7116	KNOWN	S
L333	26	Neuroscience-of-learning donor	Low-stress framing	[pass] neuro claims mislead education	low-threat framing	stress and learning research	[pass] neuromyths spread	[pass] only robust neuro-informed practices kept	L	L	[pass] neuromyths	[pass] evidence grade of each practice	[computed] Lesson as a level with a boss; Low-power mode	L049 L142	KNOWN	S
L334	26	Neuroscience-of-learning donor	Pattern separation	[pass] neuro claims mislead education	contrast near-neighbours	pattern separation (hippocampus)	[pass] neuromyths spread	[pass] only robust neuro-informed practices kept	L	L	[pass] neuromyths	[pass] evidence grade of each practice	[computed] Architecture pattern language; Separation of powers	O6613 L395	KNOWN	S
L335	26	Neuroscience-of-learning donor	Multisensory	[pass] neuro claims mislead education	present in several senses at once	multisensory learning	[pass] neuromyths spread	[pass] only robust neuro-informed practices kept	L	L	[pass] neuromyths	[pass] evidence grade of each practice	[computed] Sense stacking; Cross-cultural cases	O4719 L365	KNOWN	[computed] M:Curiosity first
L336	26	Neuroscience-of-learning donor	Brain training	[pass] neuro claims mislead education	train general cognition with games	Sala & Gobet 2017	[pass] neuromyths spread	[pass] only robust neuro-informed practices kept	L	L	rejected: contradicted by evidence	[pass] evidence grade of each practice	[computed] Neurofeedback; Brain–computer interfaces	L331 L434	KNOWN	R:EVID
L337	26	Neuroscience-of-learning donor	Circadian timing	[pass] neuro claims mislead education	schedule sessions at the best hour	chronobiology	[pass] neuromyths spread	[pass] only robust neuro-informed practices kept	L	L	[pass] neuromyths	[pass] evidence grade of each practice	[computed] Circadian gate; Best-hour detection	L074 O5909	KNOWN	S
L338	26	Neuroscience-of-learning donor	20-minute attention cycles	[pass] neuro claims mislead education	sessions in 20-minute blocks	a popular myth	[pass] neuromyths spread	[pass] only robust neuro-informed practices kept	L	L	rejected: contradicted by evidence	[pass] evidence grade of each practice	[computed] Design margin for attention; Circadian gate	O7220 L074	KNOWN	R:EVID
L339	27	Mathematics donor	Proof as experience	[pass] quantitative intuition is missing	experience a proof by manipulating the object	proofs without words	[pass] maths taught as procedures	[pass] numbers and proofs as experiences and senses	M	M	[pass] maths anxiety	[pass] estimation and reasoning items	[computed] Proof skeleton; Jewel vs context	L127 L118	KNOWN	S
L340	27	Mathematics donor	Invariants	[pass] quantitative intuition is missing	find what stays constant	invariance principles	[pass] maths taught as procedures	[pass] numbers and proofs as experiences and senses	M	M	[pass] maths anxiety	[pass] estimation and reasoning items	[computed] What-worked log; Measurement design	L447 L189	KNOWN	S
L341	27	Mathematics donor	Dimensional analysis	[pass] quantitative intuition is missing	check units to catch errors	dimensional analysis	[pass] maths taught as procedures	[pass] numbers and proofs as experiences and senses	M	M	[pass] maths anxiety	[pass] estimation and reasoning items	[computed] Dimensional check on claims; Federal seasons	O6706 L402	KNOWN	S
L342	27	Mathematics donor	Orders of magnitude	[pass] quantitative intuition is missing	estimate powers of ten	Fermi estimation	[pass] maths taught as procedures	[pass] numbers and proofs as experiences and senses	M	M	[pass] maths anxiety	[pass] estimation and reasoning items	[computed] Fermi estimates; Order-of-magnitude sense	L192 O4706	KNOWN	S
L343	27	Mathematics donor	Natural frequencies	[pass] quantitative intuition is missing	counts instead of percentages	Gigerenzer & Hoffrage 1995	[pass] maths taught as procedures	[pass] numbers and proofs as experiences and senses	M	M	[pass] maths anxiety	[pass] estimation and reasoning items	[computed] World map of primitives; Counts-first images	L022 O4804	KNOWN	S
L344	27	Mathematics donor	Exponential intuition	[pass] quantitative intuition is missing	doubling and log scales as intuition	exponential growth bias research	[pass] maths taught as procedures	[pass] numbers and proofs as experiences and senses	M	M	[pass] maths anxiety	[pass] estimation and reasoning items	[computed] What-worked log; Log-scale sense	L447 O4701	KNOWN	S
L345	27	Mathematics donor	Symmetry arguments	[pass] quantitative intuition is missing	use symmetry to solve without calculation	symmetry arguments	[pass] maths taught as procedures	[pass] numbers and proofs as experiences and senses	M	M	[pass] maths anxiety	[pass] estimation and reasoning items	[computed] Symmetry shortcut; Cue discovery	O6719 L199	KNOWN	S
L346	27	Mathematics donor	Counterexample hunting	[pass] quantitative intuition is missing	search for the counterexample	Lakatos	[pass] maths taught as procedures	[pass] numbers and proofs as experiences and senses	M	M	[pass] maths anxiety	[pass] estimation and reasoning items	[computed] Counterexample representation; Capability as the unit	O4809 L001	KNOWN	S
L347	27	Mathematics donor	Visual proofs	[pass] quantitative intuition is missing	proofs by picture	proofs without words	[pass] maths taught as procedures	[pass] numbers and proofs as experiences and senses	M	M	[pass] maths anxiety	[pass] estimation and reasoning items	[computed] Perceptual category learning; Learning-style profile	L197 O5913	KNOWN	S
L348	27	Mathematics donor	Probability by simulation	[pass] quantitative intuition is missing	estimate probabilities by simulating	Monte Carlo	[pass] maths taught as procedures	[pass] numbers and proofs as experiences and senses	M	M	[pass] maths anxiety	[pass] estimation and reasoning items	[computed] Orders of magnitude; Time estimation	L342 L454	KNOWN	S
L349	27	Mathematics donor	Graph of primitives	[pass] quantitative intuition is missing	primitives as a graph of dependencies	concept graphs	[pass] maths taught as procedures	[pass] numbers and proofs as experiences and senses	M	M	[pass] maths anxiety	[pass] estimation and reasoning items	[computed] Belief dependency graph; Book → primitives	O5409 L126	KNOWN	S
L350	27	Mathematics donor	Formalism on request	[pass] quantitative intuition is missing	formulas only when asked	concreteness fading	[pass] maths taught as procedures	[pass] numbers and proofs as experiences and senses	M	M	[pass] maths anxiety	[pass] estimation and reasoning items	[computed] Discovered prerequisites; Transfer as the only credit	L033 L005	KNOWN	S
L351	27	Mathematics donor	Math-anxiety therapy	[pass] quantitative intuition is missing	therapy for maths anxiety	maths-anxiety interventions	[pass] maths taught as procedures	[pass] numbers and proofs as experiences and senses	M	M	rejected: outside the mission	[pass] estimation and reasoning items	[computed] Math + music transfer; Capability as the unit	L465 L001	KNOWN	R:SCOPE
L352	28	Philosophy and argument donor	Argument mapping	[pass] arguments are judged by rhetoric	map arguments as premises and conclusions	van Gelder	[pass] debate rewards winning	[pass] structured, fair, testable arguments	L	L	[pass] abstraction	[pass] argument items	[computed] Plans as arguments; Adjacent-possible map	L261 L472	KNOWN	S
L353	28	Philosophy and argument donor	Hidden-assumption finder	[pass] arguments are judged by rhetoric	find the unstated premise	enthymeme analysis	[pass] debate rewards winning	[pass] structured, fair, testable arguments	L	L	[pass] abstraction	[pass] argument items	[computed] Expert disagreement finder; Case finder	L474 L497	KNOWN	S
L354	28	Philosophy and argument donor	Steelmanning	[pass] arguments are judged by rhetoric	state the strongest version of a view	steelmanning	[pass] debate rewards winning	[pass] structured, fair, testable arguments	L	L	[pass] abstraction	[pass] argument items	[computed] Steelman before rejection; State observer	O5410 L095	KNOWN	S
L355	28	Philosophy and argument donor	Thought experiments as models	[pass] arguments are judged by rhetoric	thought experiments as runnable models	thought experiments	[pass] debate rewards winning	[pass] structured, fair, testable arguments	L	L	[pass] abstraction	[pass] argument items	[computed] 3D models; Timelines as models	L438 L386	KNOWN	S
L356	28	Philosophy and argument donor	Humility scoring	[pass] arguments are judged by rhetoric	score humility by calibration	intellectual humility research	[pass] debate rewards winning	[pass] structured, fair, testable arguments	L	L	[pass] abstraction	[pass] argument items	[computed] Self-model atom; Calibration curve	O4613 L443	KNOWN	S
L357	28	Philosophy and argument donor	Belief version control	[pass] arguments are judged by rhetoric	track belief changes like code	version control	[pass] debate rewards winning	[pass] structured, fair, testable arguments	L	L	[pass] abstraction	[pass] argument items	[computed] Belief recompile; Belief GC	O4513 L150	KNOWN	S
L358	28	Philosophy and argument donor	Dilemmas with mechanisms	[pass] arguments are judged by rhetoric	dilemmas analysed with mechanisms	case-based ethics	[pass] debate rewards winning	[pass] structured, fair, testable arguments	L	L	[pass] abstraction	[pass] argument items	[computed] 3D models; Book → primitives	L438 L126	KNOWN	S
L359	28	Philosophy and argument donor	Socratic chatbots	[pass] arguments are judged by rhetoric	chatbot asks Socratic questions	Socratic dialogue	[pass] debate rewards winning	[pass] structured, fair, testable arguments	L	L	rejected: open-ended thinking tax	[pass] argument items	[computed] Socratic chatbot; Question vault	O5313 L476	KNOWN	R:TAX
L360	28	Philosophy and argument donor	Philosophy of science by cases	[pass] arguments are judged by rhetoric	philosophy of science through cases	HPS teaching	[pass] debate rewards winning	[pass] structured, fair, testable arguments	L	L	[pass] abstraction	[pass] argument items	[computed] Collapse cases; Expert think-alouds	L416 L200	KNOWN	S
L361	28	Philosophy and argument donor	Paradoxes as clicks	[pass] arguments are judged by rhetoric	paradoxes as click moments	paradox pedagogy	[pass] debate rewards winning	[pass] structured, fair, testable arguments	L	L	[pass] abstraction	[pass] argument items	[computed] Click-to-reality conversion; Minutes per click	O4420 O4402	KNOWN	S
L362	28	Philosophy and argument donor	Definitions after concepts	[pass] arguments are judged by rhetoric	definitions after the concept is built	concept-first teaching	[pass] debate rewards winning	[pass] structured, fair, testable arguments	L	L	[pass] abstraction	[pass] argument items	[computed] Label after concept; Unknown concept tournament	L012 O5219	KNOWN	S
L363	28	Philosophy and argument donor	Fair contested positions	[pass] arguments are judged by rhetoric	contested positions presented fairly	teaching controversial issues	[pass] debate rewards winning	[pass] structured, fair, testable arguments	L	L	[pass] abstraction	[pass] argument items	[computed] Historians' disputes; Stop as reward	L385 L490	KNOWN	S
L364	28	Philosophy and argument donor	Whole treatises	[pass] arguments are judged by rhetoric	read whole treatises	great books	[pass] debate rewards winning	[pass] structured, fair, testable arguments	L	L	rejected: cost exceeds value	[pass] argument items	[computed] Whole histories; Great-books marathon	L390 O5015	KNOWN	R:COST
L365	29	Anthropology donor	Cross-cultural cases	[pass] one culture's cases dominate	cases from several cultures	comparative studies	[pass] canon bias	[pass] wider cases and self-aware cultural lenses	L	M	[pass] tokenism	[pass] case-origin audit and items	[computed] Cross-cultural case; Collapse cases	O5515 L416	KNOWN	S
L366	29	Anthropology donor	Emic/etic switch	[pass] one culture's cases dominate	insider and outsider views	emic/etic (Pike)	[pass] canon bias	[pass] wider cases and self-aware cultural lenses	L	M	[pass] tokenism	[pass] case-origin audit and items	[computed] Emic–etic pair; Constitutional kill switch	O5507 L403	KNOWN	S
L367	29	Anthropology donor	Rituals as commitment	[pass] one culture's cases dominate	rituals as commitment devices	anthropology of ritual	[pass] canon bias	[pass] wider cases and self-aware cultural lenses	L	M	[pass] tokenism	[pass] case-origin audit and items	[computed] Negotiation + commitment; Sovereignty lesson	L468 O6420	KNOWN	S
L368	29	Anthropology donor	Kinship networks	[pass] one culture's cases dominate	kinship networks as systems	kinship studies	[pass] canon bias	[pass] wider cases and self-aware cultural lenses	L	M	rejected: outside the mission	[pass] case-origin audit and items	[computed] Gift economies; Social + incentives	L373 L461	KNOWN	R:SCOPE
L369	29	Anthropology donor	Micro-fieldwork	[pass] one culture's cases dominate	small observation tasks in daily life	ethnographic fieldwork	[pass] canon bias	[pass] wider cases and self-aware cultural lenses	L	M	[pass] tokenism	[pass] case-origin audit and items	[computed] Hormesis; IO mapping	L069 L137	KNOWN	S
L370	29	Anthropology donor	Egyptian examples first	[pass] one culture's cases dominate	Egyptian cases first where relevant	culturally relevant pedagogy	[pass] canon bias	[pass] wider cases and self-aware cultural lenses	L	M	[pass] tokenism	[pass] case-origin audit and items	[computed] Cross-cultural case; Screening paradox cases	O5515 O6813	KNOWN	S
L371	29	Anthropology donor	Case-origin bias audit	[pass] one culture's cases dominate	audit where cases come from	diversity audits	[pass] canon bias	[pass] wider cases and self-aware cultural lenses	L	M	[pass] tokenism	[pass] case-origin audit and items	[computed] Case contrast as the unit; Egyptian examples first	L042 L370	KNOWN	S
L372	29	Anthropology donor	Oral memory techniques	[pass] one culture's cases dominate	techniques from oral cultures	oral tradition studies	[pass] canon bias	[pass] wider cases and self-aware cultural lenses	L	M	[pass] tokenism	[pass] case-origin audit and items	[computed] Surprise-weighted memory; Cross-cultural cases	L106 L365	KNOWN	S
L373	29	Anthropology donor	Gift economies	[pass] one culture's cases dominate	gift economies as incentive systems	Mauss	[pass] canon bias	[pass] wider cases and self-aware cultural lenses	L	M	[pass] tokenism	[pass] case-origin audit and items	[computed] Social + incentives; Kinship networks	L461 L368	KNOWN	S
L374	29	Anthropology donor	Taboo as information	[pass] one culture's cases dominate	taboos as information carriers	anthropology of taboo	[pass] canon bias	[pass] wider cases and self-aware cultural lenses	L	M	rejected: cannot be measured	[pass] case-origin audit and items	[computed] Mutual information of primitives; Hidden-information puzzles	L114 L213	KNOWN	R:UNTEST
L375	29	Anthropology donor	Material culture	[pass] one culture's cases dominate	objects as evidence of culture	material culture studies	[pass] canon bias	[pass] wider cases and self-aware cultural lenses	L	M	rejected: rights problem	[pass] case-origin audit and items	[computed] Evidence ledger; Light and material	L484 L273	KNOWN	R:COPY
L376	29	Anthropology donor	Institutions as solutions	[pass] one culture's cases dominate	institutions as solutions to problems	Ostrom	[pass] canon bias	[pass] wider cases and self-aware cultural lenses	L	M	[pass] tokenism	[pass] case-origin audit and items	[computed] Truth institutions; Music institutions	L413 L257	KNOWN	S
L377	29	Anthropology donor	Strong linguistic relativity	[pass] one culture's cases dominate	language determines thought	contested	[pass] canon bias	[pass] wider cases and self-aware cultural lenses	L	M	rejected: contradicted by evidence	[pass] case-origin audit and items	[computed] Thought experiments as models; Pattern language	L355 L265	KNOWN	R:EVID
L378	30	History donor	Concept genealogy	[pass] history taught as fixed story	trace how a concept changed	conceptual history (Koselleck)	[pass] hindsight and myths	[pass] history as evidence, dispute and counterfactual	L	M	[pass] presentism	[pass] history items under period knowledge	[computed] Question genealogy; Constraints → form	L025 L267	KNOWN	S
L379	30	History donor	Counterfactual tasks	[pass] history taught as fixed story	what if one fact changed	counterfactual reasoning	[pass] hindsight and myths	[pass] history as evidence, dispute and counterfactual	L	M	[pass] presentism	[pass] history items under period knowledge	[computed] Compressed receipts; Counterfactual civilization	L122 O5107	KNOWN	S
L380	30	History donor	Archive data	[pass] history taught as fixed story	original archive numbers	archival research	[pass] hindsight and myths	[pass] history as evidence, dispute and counterfactual	L	M	[pass] presentism	[pass] history items under period knowledge	[computed] Primary-data puzzle; Discovery reenactment	O5110 L183	KNOWN	S
L381	30	History donor	Myth-busting with grades	[pass] history taught as fixed story	myths graded by evidence	myth-busting	[pass] hindsight and myths	[pass] history as evidence, dispute and counterfactual	L	M	[pass] presentism	[pass] history items under period knowledge	[computed] Myth provenance grades; Evidence ledger	L492 L484	KNOWN	S
L382	30	History donor	Time-scale switching	[pass] history taught as fixed story	same event on different time scales	Big History	[pass] hindsight and myths	[pass] history as evidence, dispute and counterfactual	L	M	[pass] presentism	[pass] history items under period knowledge	[computed] Scale switch; Room → city scale	O5504 L264	KNOWN	S
L383	30	History donor	Parallel histories	[pass] history taught as fixed story	parallel histories compared	comparative history	[pass] hindsight and myths	[pass] history as evidence, dispute and counterfactual	L	M	[pass] presentism	[pass] history items under period knowledge	[computed] Whole histories; Parallel primitives	L390 L140	KNOWN	S
L384	30	History donor	Lost futures	[pass] history taught as fixed story	roads not taken	history of technology	[pass] hindsight and myths	[pass] history as evidence, dispute and counterfactual	L	M	[pass] presentism	[pass] history items under period knowledge	[computed] Lost-futures case; Primitives as roads	O5108 L404	KNOWN	S
L385	30	History donor	Historians' disputes	[pass] history taught as fixed story	historians' disputes presented	historiography	[pass] hindsight and myths	[pass] history as evidence, dispute and counterfactual	L	M	[pass] presentism	[pass] history items under period knowledge	[computed] Thinker conflicts; Stop as reward	L223 L490	KNOWN	S
L386	30	History donor	Timelines as models	[pass] history taught as fixed story	timelines as causal models	timeline visualisation	[pass] hindsight and myths	[pass] history as evidence, dispute and counterfactual	L	M	[pass] presentism	[pass] history items under period knowledge	[computed] 3D models; Learner builds models	L438 L509	KNOWN	S
L387	30	History donor	Presentism alarm	[pass] history taught as fixed story	flag judgments using today's standards	presentism critique	[pass] hindsight and myths	[pass] history as evidence, dispute and counterfactual	L	M	[pass] presentism	[pass] history items under period knowledge	[computed] Oscillation alarm; Over-compression alarm	L104 L125	KNOWN	S
L388	30	History donor	Great-man stories	[pass] history taught as fixed story	history as the deeds of great individuals	great-man theory	[pass] hindsight and myths	[pass] history as evidence, dispute and counterfactual	L	M	rejected: fabrication risk	[pass] history items under period knowledge	[computed] What happened next?; History + prediction	L389 L466	KNOWN	R:TRUTH
L389	30	History donor	What happened next?	[pass] history taught as fixed story	history as prediction test	prediction in history teaching	[pass] hindsight and myths	[pass] history as evidence, dispute and counterfactual	L	M	[pass] presentism	[pass] history items under period knowledge	[computed] History + prediction; Twin prediction test	L466 O5902	KNOWN	S
L390	30	History donor	Whole histories	[pass] history taught as fixed story	read whole histories	narrative history	[pass] hindsight and myths	[pass] history as evidence, dispute and counterfactual	L	M	rejected: cost exceeds value	[pass] history items under period knowledge	[computed] Whole treatises; Great-books marathon	L364 O5015	KNOWN	R:COST
L391	31	Governance donor	A constitution	[pass] the organ could grow unaccountable	written rules for Renaissance	constitutional design	[pass] apps have no constitution	[pass] written rules, audits and limits	L	L	[pass] bureaucracy	[pass] rule audits	[computed] Constitutional kill switch; Separation of powers	L403 L395	KNOWN	S
L392	31	Governance donor	Content audited by tests	[pass] the organ could grow unaccountable	content audited by automated tests	test-driven development	[pass] apps have no constitution	[pass] written rules, audits and limits	L	L	[pass] bureaucracy	[pass] rule audits	[computed] IQ objective; Stress test of the gate	O6312 O7208	KNOWN	S
L393	31	Governance donor	Sunset clauses	[pass] the organ could grow unaccountable	features expire unless renewed	sunset clauses	[pass] apps have no constitution	[pass] written rules, audits and limits	L	L	[pass] bureaucracy	[pass] rule audits	[computed] Variable practice; Cartographic generalisation	O7111 O6619	KNOWN	S
L394	31	Governance donor	Time as a commons	[pass] the organ could grow unaccountable	the learner's time as a protected commons	Ostrom	[pass] apps have no constitution	[pass] written rules, audits and limits	L	L	[pass] bureaucracy	[pass] rule audits	[computed] Learner genome; Growth archive	L078 L410	KNOWN	S
L395	31	Governance donor	Separation of powers	[pass] the organ could grow unaccountable	CNS vs Renaissance	separation of powers	[pass] apps have no constitution	[pass] written rules, audits and limits	L	L	[pass] bureaucracy	[pass] rule audits	[computed] Gate after medicine; A constitution	O6401 L391	KNOWN	S
L396	31	Governance donor	Appeals	[pass] the organ could grow unaccountable	learner flags a wrong answer	appeals processes	[pass] apps have no constitution	[pass] written rules, audits and limits	L	L	[pass] bureaucracy	[pass] rule audits	[computed] Answer entropy as confusion; Confidence on every answer	L110 L007	KNOWN	S
L397	31	Governance donor	Transparency reports	[pass] the organ could grow unaccountable	receipts	transparency reports	[pass] apps have no constitution	[pass] written rules, audits and limits	L	L	[pass] bureaucracy	[pass] rule audits	[computed] Life-minutes accounting; Minutes per click	L489 O4402	KNOWN	S
L398	31	Governance donor	Metric audits	[pass] the organ could grow unaccountable	audit every metric for gaming	metric audits	[pass] apps have no constitution	[pass] written rules, audits and limits	L	L	[pass] bureaucracy	[pass] rule audits	[computed] Held-out audits; Event journal	L289 L149	KNOWN	S
L399	31	Governance donor	Source charter	[pass] the organ could grow unaccountable	rules for which sources may be used	editorial standards	[pass] apps have no constitution	[pass] written rules, audits and limits	L	L	[pass] bureaucracy	[pass] rule audits	[computed] Provenance on demand; A constitution	L429 L391	KNOWN	S
L400	31	Governance donor	Bureaucracy minimum	[pass] the organ could grow unaccountable	keep process to the minimum	lean management	[pass] apps have no constitution	[pass] written rules, audits and limits	L	L	[pass] bureaucracy	[pass] rule audits	[computed] Success-rate controller; Process isolation	L093 L145	KNOWN	S
L401	31	Governance donor	Term limits for representations	[pass] the organ could grow unaccountable	representations retire after a term	term limits	[pass] apps have no constitution	[pass] written rules, audits and limits	L	L	[pass] bureaucracy	[pass] rule audits	[computed] Redundant encoding; Fluency rounds	L108 L201	KNOWN	[computed] M:A constitution
L402	31	Governance donor	Federal seasons	[pass] the organ could grow unaccountable	seasons as federated units	federalism	[pass] apps have no constitution	[pass] written rules, audits and limits	L	L	rejected: decoration or gamification	[pass] rule audits	[computed] Campaign story; Cheap authored seasons	L217 L405	KNOWN	R:SLOP
L403	31	Governance donor	Constitutional kill switch	[pass] the organ could grow unaccountable	the kill switch written into the rules	circuit breakers	[pass] apps have no constitution	[pass] written rules, audits and limits	L	L	[pass] bureaucracy	[pass] rule audits	[computed] A constitution; Kill switch as pedagogy	L391 L488	KNOWN	S
L404	32	Civilization and infrastructure donor	Primitives as roads	[pass] ideas and tools lack infrastructure	primitives as shared infrastructure	infrastructure studies	[pass] no standards across content	[pass] standards, resilience and cultural evolution of ideas	L	M	rejected: decoration or gamification	[pass] standard compliance	[computed] Graph of primitives; Book → primitives	L349 L126	KNOWN	R:SLOP
L405	32	Civilization and infrastructure donor	Cheap authored seasons	[pass] ideas and tools lack infrastructure	make seasons cheap to author	authoring tools	[pass] no standards across content	[pass] standards, resilience and cultural evolution of ideas	L	M	[pass] scope creep	[pass] standard compliance	[computed] Federal seasons; Campaign story	L402 L217	KNOWN	S
L406	32	Civilization and infrastructure donor	No single point of failure	[pass] ideas and tools lack infrastructure	local-first	redundancy engineering	[pass] no standards across content	[pass] standards, resilience and cultural evolution of ideas	L	M	[pass] scope creep	[pass] standard compliance	[computed] Local-first; Pre-mortem	L180 L198	KNOWN	S
L407	32	Civilization and infrastructure donor	Session standard	[pass] ideas and tools lack infrastructure	one standard session format	standards	[pass] no standards across content	[pass] standards, resilience and cultural evolution of ideas	L	M	[pass] scope creep	[pass] standard compliance	[computed] One idea per session; Coach's single cue	O4413 O7110	KNOWN	S
L408	32	Civilization and infrastructure donor	Division of cognitive labour	[pass] ideas and tools lack infrastructure	split cognition between human and machine deliberately	distributed cognition (Hutchins)	[pass] no standards across content	[pass] standards, resilience and cultural evolution of ideas	L	M	[pass] scope creep	[pass] standard compliance	[computed] Physical + cognitive; Human vs machine advantage	L460 L280	KNOWN	S
L409	32	Civilization and infrastructure donor	Education as public good	[pass] ideas and tools lack infrastructure	education as a public good	public economics	[pass] no standards across content	[pass] standards, resilience and cultural evolution of ideas	L	M	rejected: outside the mission	[pass] standard compliance	[computed] Public-domain art library; Public-domain recordings	L247 L253	KNOWN	R:SCOPE
L410	32	Civilization and infrastructure donor	Growth archive	[pass] ideas and tools lack infrastructure	archive of the learner's growth	portfolios	[pass] no standards across content	[pass] standards, resilience and cultural evolution of ideas	L	M	[pass] scope creep	[pass] standard compliance	[computed] Learner genome; Energy budgets	L078 L414	KNOWN	S
L411	32	Civilization and infrastructure donor	Knowledge half-life	[pass] ideas and tools lack infrastructure	facts tagged with a half-life	Arbesman, The Half-Life of Facts	[pass] no standards across content	[pass] standards, resilience and cultural evolution of ideas	L	M	[pass] scope creep	[pass] standard compliance	[computed] Half-life tags; Atom half-life	O4512 O4614	KNOWN	S
L412	32	Civilization and infrastructure donor	Cultural evolution of ideas	[pass] ideas and tools lack infrastructure	ideas evolve culturally	cultural evolution (Boyd & Richerson)	[pass] no standards across content	[pass] standards, resilience and cultural evolution of ideas	L	M	[pass] scope creep	[pass] standard compliance	[computed] Distractor evolution; Dependency timeline	L498 L017	KNOWN	S
L413	32	Civilization and infrastructure donor	Truth institutions	[pass] ideas and tools lack infrastructure	institutions that produce truth	social epistemology	[pass] no standards across content	[pass] standards, resilience and cultural evolution of ideas	L	M	[pass] scope creep	[pass] standard compliance	[computed] Explanation compression; One-sentence truth pick	L109 O4308	KNOWN	S
L414	32	Civilization and infrastructure donor	Energy budgets	[pass] ideas and tools lack infrastructure	energy budgets for the learner	energy accounting	[pass] no standards across content	[pass] standards, resilience and cultural evolution of ideas	L	M	rejected: outside the mission	[pass] standard compliance	[computed] Learner genome; Growth archive	L078 L410	KNOWN	R:SCOPE
L415	32	Civilization and infrastructure donor	Diffusion of innovations	[pass] ideas and tools lack infrastructure	how ideas spread	Rogers	[pass] no standards across content	[pass] standards, resilience and cultural evolution of ideas	L	M	[pass] scope creep	[pass] standard compliance	[computed] Herd immunity for bad ideas; Reproduction number for ideas	O7006 O7001	KNOWN	S
L416	32	Civilization and infrastructure donor	Collapse cases	[pass] ideas and tools lack infrastructure	cases of collapse	Diamond, Collapse	[pass] no standards across content	[pass] standards, resilience and cultural evolution of ideas	L	M	[pass] scope creep	[pass] standard compliance	[computed] Learner's data as cases; Philosophy of science by cases	L483 L360	KNOWN	S
L417	33	Interface donor	One button	[pass] interfaces overload and pull	one primary button	CNS donor	[pass] feature accretion and dark patterns	[pass] one-button calm interface	L	L	[pass] hidden depth	[pass] UI tests (44 px, controls per screen)	[computed] That-clicked button; Co-op	O4418 L219	KNOWN	S
L418	33	Interface donor	Progressive disclosure	[pass] interfaces overload and pull	depth revealed on demand	progressive disclosure	[pass] feature accretion and dark patterns	[pass] one-button calm interface	L	L	[pass] hidden depth	[pass] UI tests (44 px, controls per screen)	[computed] Provenance on demand; Calibration curve	L429 L443	KNOWN	S
L419	33	Interface donor	44 px targets	[pass] interfaces overload and pull	touch targets ≥ 44 px	HIG	[pass] feature accretion and dark patterns	[pass] one-button calm interface	L	L	[pass] hidden depth	[pass] UI tests (44 px, controls per screen)	[computed] Measurement disturbs the system; Capability as the unit	O6720 L001	KNOWN	S
L420	33	Interface donor	Friction detector	[pass] interfaces overload and pull	hesitation and latency logged	friction logging	[pass] feature accretion and dark patterns	[pass] one-button calm interface	L	L	[pass] hidden depth	[pass] UI tests (44 px, controls per screen)	[computed] Hesitation signal; Avoidance detector	O5906 L477	KNOWN	S
L421	33	Interface donor	Undo everything	[pass] interfaces overload and pull	any answer can be undone	undo systems	[pass] feature accretion and dark patterns	[pass] one-button calm interface	L	L	rejected: fabrication risk	[pass] UI tests (44 px, controls per screen)	[computed] Model export as questions; Unknown-unknown vault	O5619 O5214	KNOWN	R:TRUTH
L422	33	Interface donor	Offline-first	[pass] interfaces overload and pull	works offline first	offline-first apps	[pass] feature accretion and dark patterns	[pass] one-button calm interface	L	L	[pass] hidden depth	[pass] UI tests (44 px, controls per screen)	[computed] Local-first; Proof skeleton	L180 L127	KNOWN	S
L423	33	Interface donor	Dark-pattern ban	[pass] interfaces overload and pull	no dark patterns	dark-pattern research (Brignull)	[pass] feature accretion and dark patterns	[pass] one-button calm interface	L	L	[pass] hidden depth	[pass] UI tests (44 px, controls per screen)	[computed] Pattern language; Error patterns	L265 L202	KNOWN	S
L424	33	Interface donor	Voice mode	[pass] interfaces overload and pull	voice interaction	voice UIs	[pass] feature accretion and dark patterns	[pass] one-button calm interface	L	L	[pass] hidden depth	[pass] UI tests (44 px, controls per screen)	[computed] Generated voice tutors; Low-power mode	L431 L142	KNOWN	S
L425	33	Interface donor	Haptic confidence	[pass] interfaces overload and pull	haptic feedback for confidence	haptics	[pass] feature accretion and dark patterns	[pass] one-button calm interface	L	L	rejected: decoration or gamification	[pass] UI tests (44 px, controls per screen)	[computed] Calibration drills; Rhythm as a loop	L204 L250	KNOWN	R:SLOP
L426	33	Interface donor	Sheets not pages	[pass] interfaces overload and pull	sheets over page navigation	bottom sheets	[pass] feature accretion and dark patterns	[pass] one-button calm interface	L	L	[pass] hidden depth	[pass] UI tests (44 px, controls per screen)	[computed] Glossary page; Over-compression alarm	O4317 L125	KNOWN	S
L427	33	Interface donor	No notifications	[pass] interfaces overload and pull	no push notifications	calm technology	[pass] feature accretion and dark patterns	[pass] one-button calm interface	L	L	[pass] hidden depth	[pass] UI tests (44 px, controls per screen)	[computed] Inertia of habits; Capability as the unit	O6712 L001	KNOWN	S
L428	33	Interface donor	Accessibility	[pass] interfaces overload and pull	accessible by default	WCAG	[pass] feature accretion and dark patterns	[pass] one-button calm interface	L	L	[pass] hidden depth	[pass] UI tests (44 px, controls per screen)	[computed] Counts-first images; Presumption reversal	O4804 O6916	KNOWN	S
L429	33	Interface donor	Provenance on demand	[pass] interfaces overload and pull	sources on demand	citations	[pass] feature accretion and dark patterns	[pass] one-button calm interface	L	L	[pass] hidden depth	[pass] UI tests (44 px, controls per screen)	[computed] Calibration curve; Byzantine sources	L443 L172	KNOWN	S
L430	34	Speculative-technology donor	AR loops	[pass] new tech promises learning gains	AR overlays of loops in the world	augmented reality	[pass] hype cycles	[pass] only technologies with a clear, testable benefit	M	H	[pass] cost and hype	[pass] benefit vs cost evidence	[computed] IO mapping; Composition overlays	L137 L246	KNOWN	S
L431	34	Speculative-technology donor	Generated voice tutors	[pass] new tech promises learning gains	synthetic voice tutors	TTS tutors	[pass] hype cycles	[pass] only technologies with a clear, testable benefit	M	H	rejected: decoration or gamification	[pass] benefit vs cost evidence	[computed] Generated images; Voice mode	L442 L424	KNOWN	R:SLOP
L432	34	Speculative-technology donor	Simulated historical interviews	[pass] new tech promises learning gains	chat with simulated historical figures	character bots	[pass] hype cycles	[pass] only technologies with a clear, testable benefit	M	H	rejected: fabrication risk	[pass] benefit vs cost evidence	[computed] Simulated historical interview; Landmark figures	O5113 L195	KNOWN	R:TRUTH
L433	34	Speculative-technology donor	Time-negotiating agents	[pass] new tech promises learning gains	agents that negotiate time with the calendar	scheduling agents	[pass] hype cycles	[pass] only technologies with a clear, testable benefit	M	H	[pass] cost and hype	[pass] benefit vs cost evidence	[computed] City time-lapse; Time as a commons	L271 L394	KNOWN	S
L434	34	Speculative-technology donor	Brain–computer interfaces	[pass] new tech promises learning gains	brain–computer interfaces	BCI	[pass] hype cycles	[pass] only technologies with a clear, testable benefit	M	H	rejected: outside the mission	[pass] benefit vs cost evidence	[computed] Neurofeedback; Brain-region atoms	L331 O4617	KNOWN	R:SCOPE
L435	34	Speculative-technology donor	Shared live models	[pass] new tech promises learning gains	models shared live with a friend	collaborative simulations	[pass] hype cycles	[pass] only technologies with a clear, testable benefit	M	H	[pass] cost and hype	[pass] benefit vs cost evidence	[computed] 3D models; Timelines as models	L438 L386	KNOWN	S
L436	34	Speculative-technology donor	Live data sessions	[pass] new tech promises learning gains	sessions on live data	data feeds	[pass] hype cycles	[pass] only technologies with a clear, testable benefit	M	H	[pass] cost and hype	[pass] benefit vs cost evidence	[computed] Circadian gate; Learner's data as cases	L074 L483	KNOWN	S
L437	34	Speculative-technology donor	Wearable triggers	[pass] new tech promises learning gains	wearables trigger prompts	wearables	[pass] hype cycles	[pass] only technologies with a clear, testable benefit	M	H	[pass] cost and hype	[pass] benefit vs cost evidence	[computed] Reflection prompts; Free creative writing	L455 O5813	KNOWN	S
L438	34	Speculative-technology donor	3D models	[pass] new tech promises learning gains	3D models of mechanisms	3D visualisation	[pass] hype cycles	[pass] only technologies with a clear, testable benefit	M	H	[pass] cost and hype	[pass] benefit vs cost evidence	[computed] VR mechanisms; Dilemmas with mechanisms	O4817 L358	KNOWN	S
L439	34	Speculative-technology donor	Film animation	[pass] new tech promises learning gains	animated films	animation	[pass] hype cycles	[pass] only technologies with a clear, testable benefit	M	H	rejected: cost exceeds value	[pass] benefit vs cost evidence	[computed] Coach's film review; Film study of own play	O6609 O7105	KNOWN	R:COST
L440	34	Speculative-technology donor	Game-engine models	[pass] new tech promises learning gains	models built in game engines	game engines	[pass] hype cycles	[pass] only technologies with a clear, testable benefit	M	H	[pass] cost and hype	[pass] benefit vs cost evidence	[computed] 3D models; Timelines as models	L438 L386	KNOWN	S
L441	34	Speculative-technology donor	Guarded LLM tutor	[pass] new tech promises learning gains	hints, never answers	Kestin et al. 2025; Bastani et al. 2025	[pass] hype cycles	[pass] only technologies with a clear, testable benefit	M	H	[pass] cost and hype	[pass] benefit vs cost evidence	[computed] Answer-first AI tutor; Question, not topic	O6011 L009	KNOWN	S
L442	34	Speculative-technology donor	Generated images	[pass] new tech promises learning gains	generated images	image generators	[pass] hype cycles	[pass] only technologies with a clear, testable benefit	M	H	rejected: decoration or gamification	[pass] benefit vs cost evidence	[computed] Generated voice tutors; Generated illustrations	L431 O4818	KNOWN	R:SLOP
L443	35	Metacognition donor	Calibration curve	[pass] learners misjudge their own knowledge	calibration curve shown on demand	reliability diagrams	[pass] self-assessment untrained	[pass] calibrated self-knowledge	L	L	[pass] anxiety	[pass] calibration trends	[computed] Provenance on demand; Humility scoring	L429 L356	KNOWN	S
L444	35	Metacognition donor	What would change my mind?	[pass] learners misjudge their own knowledge	which observation would change this belief	falsifiability	[pass] self-assessment untrained	[pass] calibrated self-knowledge	L	L	[pass] anxiety	[pass] calibration trends	[computed] What-would-change-my-mind prompt; Question from a surprise	O5418 O5303	KNOWN	S
L445	35	Metacognition donor	Confidence gap alerts	[pass] learners misjudge their own knowledge	alerts when confidence and accuracy diverge	calibration feedback	[pass] self-assessment untrained	[pass] calibrated self-knowledge	L	L	[pass] anxiety	[pass] calibration trends	[computed] Haptic confidence; Committed bets	L425 L209	KNOWN	S
L446	35	Metacognition donor	Strategy choice	[pass] learners misjudge their own knowledge	choose a strategy before solving	strategy instruction	[pass] self-assessment untrained	[pass] calibrated self-knowledge	L	L	[pass] anxiety	[pass] calibration trends	[computed] Steelman before rejection; Autonomy	O5410 L301	KNOWN	S
L447	35	Metacognition donor	What-worked log	[pass] learners misjudge their own knowledge	log what worked	retrospectives	[pass] self-assessment untrained	[pass] calibrated self-knowledge	L	L	[pass] anxiety	[pass] calibration trends	[computed] Meta-pedagogy log; Faded examples	O6503 L046	KNOWN	S
L448	35	Metacognition donor	Predict your own score	[pass] learners misjudge their own knowledge	predict own score	metacognitive monitoring	[pass] self-assessment untrained	[pass] calibrated self-knowledge	L	L	[pass] anxiety	[pass] calibration trends	[computed] Self-model atom; Explain + predict	O4613 L456	KNOWN	S
L449	35	Metacognition donor	Visible mistake taxonomy	[pass] learners misjudge their own knowledge	mistake types visible	error taxonomies	[pass] self-assessment untrained	[pass] calibrated self-knowledge	L	L	[pass] anxiety	[pass] calibration trends	[computed] Visible opportunity cost; Click taxonomy	L274 O4410	KNOWN	S
L450	35	Metacognition donor	Explanatory-depth probes	[pass] learners misjudge their own knowledge	probe the depth of explanations	Rozenblit & Keil 2002	[pass] self-assessment untrained	[pass] calibrated self-knowledge	L	L	[pass] anxiety	[pass] calibration trends	[computed] Variation and selection of explanations; Hypothesis tester	L072 L184	KNOWN	S
L451	35	Metacognition donor	Scaffold removal notice	[pass] learners misjudge their own knowledge	tell when scaffolds are removed	fading	[pass] self-assessment untrained	[pass] calibrated self-knowledge	L	L	[pass] anxiety	[pass] calibration trends	[computed] Fade announcement; Beauty engine limits	O6014 O5719	KNOWN	S
L452	35	Metacognition donor	Self-assessment rubrics	[pass] learners misjudge their own knowledge	self-assessment with rubrics	rubrics	[pass] self-assessment untrained	[pass] calibrated self-knowledge	L	L	rejected: open-ended thinking tax	[pass] calibration trends	[computed] Contract with the future self; Self-shrinking dose	L482 L487	KNOWN	R:TAX
L453	35	Metacognition donor	Know-what-you-don't-know map	[pass] learners misjudge their own knowledge	map of known unknowns	knowledge mapping	[pass] self-assessment untrained	[pass] calibrated self-knowledge	L	L	[pass] anxiety	[pass] calibration trends	[computed] Delta teaching; Expert blind-spot map	L121 L207	KNOWN	S
L454	35	Metacognition donor	Time estimation	[pass] learners misjudge their own knowledge	estimate time before tasks	planning fallacy	[pass] self-assessment untrained	[pass] calibrated self-knowledge	L	L	[pass] anxiety	[pass] calibration trends	[computed] Outsider view; Order-of-magnitude sense	O5506 O4706	KNOWN	S
L455	35	Metacognition donor	Reflection prompts	[pass] learners misjudge their own knowledge	reflection prompts	reflective practice	[pass] self-assessment untrained	[pass] calibrated self-knowledge	L	L	rejected: open-ended thinking tax	[pass] calibration trends	[computed] Journaling; Wearable triggers	L062 L437	KNOWN	R:TAX
L456	36	Paired-skills donor	Explain + predict	[pass] skills trained alone don't combine	explain and predict together	self-explanation	[pass] subjects separate	[pass] skills trained in pairs that reinforce	L	M	[pass] forced pairs	[pass] paired-item accuracy	[computed] Predict your own score; Predict the next note	L448 L248	KNOWN	S
L457	36	Paired-skills donor	Taste + mechanism	[pass] skills trained alone don't combine	taste paired with mechanism	design education	[pass] subjects separate	[pass] skills trained in pairs that reinforce	L	M	[pass] forced pairs	[pass] paired-item accuracy	[computed] Paired taste tasks; Borrowed rigor	L235 L023	KNOWN	S
L458	36	Paired-skills donor	Writing + reasoning	[pass] skills trained alone don't combine	writing as reasoning	writing to learn	[pass] subjects separate	[pass] skills trained in pairs that reinforce	L	M	[pass] forced pairs	[pass] paired-item accuracy	[computed] Free creative writing; Model-based reasoning	O5813 L193	KNOWN	S
L459	36	Paired-skills donor	Speaking + compression	[pass] skills trained alone don't combine	speaking as compression	elevator pitches	[pass] subjects separate	[pass] skills trained in pairs that reinforce	L	M	[pass] forced pairs	[pass] paired-item accuracy	[computed] Explanation compression; Over-compression alarm	L109 L125	KNOWN	S
L460	36	Paired-skills donor	Physical + cognitive	[pass] skills trained alone don't combine	physical tasks with cognition	embodied learning	[pass] subjects separate	[pass] skills trained in pairs that reinforce	L	M	[pass] forced pairs	[pass] paired-item accuracy	[computed] Division of cognitive labour; IO mapping	L408 L137	KNOWN	S
L461	36	Paired-skills donor	Social + incentives	[pass] skills trained alone don't combine	social situations as incentive systems	behavioural economics	[pass] subjects separate	[pass] skills trained in pairs that reinforce	L	M	[pass] forced pairs	[pass] paired-item accuracy	[computed] Gift economies; Kinship networks	L373 L368	KNOWN	S
L462	36	Paired-skills donor	Medicine + base rates	[pass] skills trained alone don't combine	medicine with base rates	evidence-based medicine	[pass] subjects separate	[pass] skills trained in pairs that reinforce	L	M	[pass] forced pairs	[pass] paired-item accuracy	[computed] Primitives inside medicine; Reference class	L064 L203	KNOWN	S
L463	36	Paired-skills donor	Founder + Goodhart	[pass] skills trained alone don't combine	founder work with Goodhart	management by objectives critiques	[pass] subjects separate	[pass] skills trained in pairs that reinforce	L	M	[pass] forced pairs	[pass] paired-item accuracy	[computed] Founder-work compiler; Founder work as a donor	O4519 O5006	KNOWN	S
L464	36	Paired-skills donor	Acting + perspective	[pass] skills trained alone don't combine	acting to take perspectives	drama in education	[pass] subjects separate	[pass] skills trained in pairs that reinforce	L	M	[pass] forced pairs	[pass] paired-item accuracy	[computed] Perspective-taking VR; Real research	O5520 L513	KNOWN	S
L465	36	Paired-skills donor	Math + music transfer	[pass] skills trained alone don't combine	music training improves maths	a transfer myth	[pass] subjects separate	[pass] skills trained in pairs that reinforce	L	M	rejected: contradicted by evidence	[pass] paired-item accuracy	[computed] Math-anxiety therapy; Speed-reading for concepts	L351 O4915	KNOWN	R:EVID
L466	36	Paired-skills donor	History + prediction	[pass] skills trained alone don't combine	predict what happened next in history	forecasting in history teaching	[pass] subjects separate	[pass] skills trained in pairs that reinforce	L	M	[pass] forced pairs	[pass] paired-item accuracy	[computed] What happened next?; Predict the next note	L389 L248	KNOWN	S
L467	36	Paired-skills donor	Art + attention	[pass] skills trained alone don't combine	art to train attention	visual thinking strategies	[pass] subjects separate	[pass] skills trained in pairs that reinforce	L	M	[pass] forced pairs	[pass] paired-item accuracy	[computed] Neurofeedback; Art as evidence	L331 L240	KNOWN	S
L468	36	Paired-skills donor	Negotiation + commitment	[pass] skills trained alone don't combine	negotiation with commitment	Schelling	[pass] subjects separate	[pass] skills trained in pairs that reinforce	L	M	[pass] forced pairs	[pass] paired-item accuracy	[computed] Rituals as commitment; Opt-in commitment contracts	L367 L290	KNOWN	S
L469	37	Frontier and serendipity donor	Frontier cards	[pass] curiosity has no outlet at the edge	open frontier questions per primitive	review articles	[pass] curricula end at settled knowledge	[pass] bounded exploration beyond the syllabus	L	M	[pass] novelty addiction, backlog	[pass] exploration rate and outcomes	[computed] Frontier card; Expert disagreement at the frontier	O6201 O6217	KNOWN	S
L470	37	Frontier and serendipity donor	Random primitive draws	[pass] curiosity has no outlet at the edge	random primitive draws	random exploration	[pass] curricula end at settled knowledge	[pass] bounded exploration beyond the syllabus	L	M	[pass] novelty addiction, backlog	[pass] exploration rate and outcomes	[computed] Primitive portfolio; Season compiler	L278 L157	KNOWN	S
L471	37	Frontier and serendipity donor	Which field explains this?	[pass] curiosity has no outlet at the edge	which field explains this phenomenon	interdisciplinary problem framing	[pass] curricula end at settled knowledge	[pass] bounded exploration beyond the syllabus	L	M	[pass] novelty addiction, backlog	[pass] exploration rate and outcomes	[computed] Twin explanation; What would change my mind?	O5915 L444	KNOWN	S
L472	37	Frontier and serendipity donor	Adjacent-possible map	[pass] curiosity has no outlet at the edge	adjacent-possible map	Kauffman	[pass] curricula end at settled knowledge	[pass] bounded exploration beyond the syllabus	L	M	[pass] novelty addiction, backlog	[pass] exploration rate and outcomes	[computed] Adjacent-possible choice; Possibility map UI	O6207 O6316	KNOWN	S
L473	37	Frontier and serendipity donor	Serendipity pairs	[pass] curiosity has no outlet at the edge	pairs of distant cases	serendipity engineering	[pass] curricula end at settled knowledge	[pass] bounded exploration beyond the syllabus	L	M	[pass] novelty addiction, backlog	[pass] exploration rate and outcomes	[computed] Alien pairs; Collapse cases	O5216 L416	KNOWN	S
L474	37	Frontier and serendipity donor	Expert disagreement finder	[pass] curiosity has no outlet at the edge	find where experts disagree	controversy mapping	[pass] curricula end at settled knowledge	[pass] bounded exploration beyond the syllabus	L	M	[pass] novelty addiction, backlog	[pass] exploration rate and outcomes	[computed] Expert disagreement at the frontier; Criteria disagreement	O6217 O5712	KNOWN	S
L475	37	Frontier and serendipity donor	Anomaly of the week	[pass] curiosity has no outlet at the edge	an anomaly each week	anomalies (Kuhn)	[pass] curricula end at settled knowledge	[pass] bounded exploration beyond the syllabus	L	M	[pass] novelty addiction, backlog	[pass] exploration rate and outcomes	[computed] Random field drop; Creation reality test	O5211 O5815	KNOWN	S
L476	37	Frontier and serendipity donor	Question vault	[pass] curiosity has no outlet at the edge	vault of questions	question banks	[pass] curricula end at settled knowledge	[pass] bounded exploration beyond the syllabus	L	M	[pass] novelty addiction, backlog	[pass] exploration rate and outcomes	[computed] Frontier question vault; Question-driven life	O6213 L516	KNOWN	S
L477	37	Frontier and serendipity donor	Avoidance detector	[pass] curiosity has no outlet at the edge	detect avoided topics	avoidance behaviour	[pass] curricula end at settled knowledge	[pass] bounded exploration beyond the syllabus	L	M	[pass] novelty addiction, backlog	[pass] exploration rate and outcomes	[computed] Oscillation alarm; Friction detector	L104 L420	KNOWN	S
L478	37	Frontier and serendipity donor	Wikipedia random walks	[pass] curiosity has no outlet at the edge	random walks through an encyclopedia	wiki rabbit holes	[pass] curricula end at settled knowledge	[pass] bounded exploration beyond the syllabus	L	M	rejected: open-ended thinking tax	[pass] exploration rate and outcomes	[computed] Random primitive draws; Walk-through models	L470 L266	KNOWN	R:TAX
L479	37	Frontier and serendipity donor	Blind-spot survey	[pass] curiosity has no outlet at the edge	survey of blind spots	self-report surveys	[pass] curricula end at settled knowledge	[pass] bounded exploration beyond the syllabus	L	M	rejected: open-ended thinking tax	[pass] exploration rate and outcomes	[computed] Expert blind-spot map; Blind-spot sense	L207 O4718	KNOWN	R:TAX
L480	37	Frontier and serendipity donor	Research digests	[pass] curiosity has no outlet at the edge	research digests	newsletters	[pass] curricula end at settled knowledge	[pass] bounded exploration beyond the syllabus	L	M	rejected: cost exceeds value	[pass] exploration rate and outcomes	[computed] Real research; Frontier card	L513 O6201	KNOWN	R:COST
L481	37	Frontier and serendipity donor	Cross-season surprises	[pass] curiosity has no outlet at the edge	surprises across seasons	spaced surprise	[pass] curricula end at settled knowledge	[pass] bounded exploration beyond the syllabus	L	M	[pass] novelty addiction, backlog	[pass] exploration rate and outcomes	[computed] Synthesis trial across seasons; Season packages	O6103 L153	KNOWN	S
L482	38	Personal-science donor	Contract with the future self	[pass] the learner's life is not data	contract with the future self	Ulysses contracts	[pass] no experiments on one's own life	[pass] registered, evidence-based self-experiments	L	L	[pass] rumination, privacy	[pass] experiment registry and results	[computed] Future-self view; Future self as protagonist	O5509 L224	KNOWN	S
L483	38	Personal-science donor	Learner's data as cases	[pass] the learner's life is not data	learner's data as cases	case-based reasoning	[pass] no experiments on one's own life	[pass] registered, evidence-based self-experiments	L	L	[pass] rumination, privacy	[pass] experiment registry and results	[computed] Profile-guided; Collapse cases	L166 L416	KNOWN	S
L484	38	Personal-science donor	Evidence ledger	[pass] the learner's life is not data	ledger of evidence	evidence logs	[pass] no experiments on one's own life	[pass] registered, evidence-based self-experiments	L	L	[pass] rumination, privacy	[pass] experiment registry and results	[computed] Material culture; Art as evidence	L375 L240	KNOWN	S
L485	38	Personal-science donor	Experiment registry	[pass] the learner's life is not data	registry of personal experiments	quantified self	[pass] no experiments on one's own life	[pass] registered, evidence-based self-experiments	L	L	[pass] rumination, privacy	[pass] experiment registry and results	[computed] Personal lab notebook; The registry itself	L191 L507	KNOWN	S
L486	38	Personal-science donor	The app audits itself in lessons	[pass] the learner's life is not data	the app audits itself inside lessons	reflexive teaching	[pass] no experiments on one's own life	[pass] registered, evidence-based self-experiments	L	L	[pass] rumination, privacy	[pass] experiment registry and results	[computed] Incentive audit of the app; Myth provenance grades	L276 L492	KNOWN	S
L487	38	Personal-science donor	Self-shrinking dose	[pass] the learner's life is not data	the dose shrinks itself	adaptive dosing	[pass] no experiments on one's own life	[pass] registered, evidence-based self-experiments	L	L	[pass] rumination, privacy	[pass] experiment registry and results	[computed] Backpressure; Calendar feedforward	L179 L098	KNOWN	S
L488	38	Personal-science donor	Kill switch as pedagogy	[pass] the learner's life is not data	the kill switch taught as sovereignty	none found	[pass] no experiments on one's own life	[pass] registered, evidence-based self-experiments	L	L	[pass] rumination, privacy	[pass] experiment registry and results	[computed] Constitutional kill switch; Kill switch	L403 L146	UNCLEAR	S
L489	38	Personal-science donor	Life-minutes accounting	[pass] the learner's life is not data	minutes counted in receipts	time tracking	[pass] no experiments on one's own life	[pass] registered, evidence-based self-experiments	L	L	[pass] rumination, privacy	[pass] experiment registry and results	[computed] Minutes per click; Life-minutes receipt	O4402 O6412	KNOWN	S
L490	38	Personal-science donor	Stop as reward	[pass] the learner's life is not data	stopping presented as the reward	satisficing	[pass] no experiments on one's own life	[pass] registered, evidence-based self-experiments	L	L	[pass] rumination, privacy	[pass] experiment registry and results	[computed] Stop as success; Historians' disputes	O6318 L385	KNOWN	S
L491	38	Personal-science donor	Donor-organ architecture	[pass] the learner's life is not data	medicine feeds the organ, never the reverse	micro-frontends	[pass] no experiments on one's own life	[pass] registered, evidence-based self-experiments	L	L	[pass] rumination, privacy	[pass] experiment registry and results	[computed] Silent organ; Symbiosis with medicine	O6413 L071	KNOWN	S
L492	38	Personal-science donor	Myth provenance grades	[pass] the learner's life is not data	myths graded inside lessons	fact-checking	[pass] no experiments on one's own life	[pass] registered, evidence-based self-experiments	L	L	[pass] rumination, privacy	[pass] experiment registry and results	[computed] Myth-busting with grades; The app audits itself in lessons	L381 L486	KNOWN	S
L493	38	Personal-science donor	No-amputation archive	[pass] the learner's life is not data	rejected ideas archived with reasons	archives	[pass] no experiments on one's own life	[pass] registered, evidence-based self-experiments	L	L	[pass] rumination, privacy	[pass] experiment registry and results	[computed] Retired-method archive; Growth archive	O6518 L410	KNOWN	S
L494	38	Personal-science donor	Reality taps	[pass] the learner's life is not data	one-tap reality check	habit trackers	[pass] no experiments on one's own life	[pass] registered, evidence-based self-experiments	L	L	[pass] rumination, privacy	[pass] experiment registry and results	[computed] Homework abolition; Life event pause	O4113 O6416	KNOWN	S
L495	39	Meta-generator donor	Misconception miner	[pass] content improvement is manual	cluster wrong answers into bug classes	misconception research	[pass] no machinery for improving teaching	[pass] systems that generate and test better sessions	M	M	[pass] automation slop	[pass] generator outputs pass tests and outcomes	[computed] Misconception-driven authoring; Misconception fingerprint	O6507 O5907	KNOWN	S
L496	39	Meta-generator donor	Representation generator + tournament	[pass] content improvement is manual	generate and test representations	A/B testing	[pass] no machinery for improving teaching	[pass] systems that generate and test better sessions	M	M	[pass] automation slop	[pass] generator outputs pass tests and outcomes	[computed] Representation tournament; Representation evolution loop	L079 O6508	KNOWN	S
L497	39	Meta-generator donor	Case finder	[pass] content improvement is manual	find verified cases for empty cells	case libraries	[pass] no machinery for improving teaching	[pass] systems that generate and test better sessions	M	M	[pass] automation slop	[pass] generator outputs pass tests and outcomes	[computed] Primitive × domain matrix; Case contrast as the unit	L026 L042	KNOWN	S
L498	39	Meta-generator donor	Distractor evolution	[pass] content improvement is manual	evolve distractors from real errors	distractor generation	[pass] no machinery for improving teaching	[pass] systems that generate and test better sessions	M	M	[pass] automation slop	[pass] generator outputs pass tests and outcomes	[computed] Cultural evolution of ideas; Distractor mutation	L412 L080	KNOWN	S
L499	39	Meta-generator donor	Session linter	[pass] content improvement is manual	reject sessions failing the schema	linters	[pass] no machinery for improving teaching	[pass] systems that generate and test better sessions	M	M	[pass] automation slop	[pass] generator outputs pass tests and outcomes	[computed] Linter as constitution; Session type checker	O6506 L158	KNOWN	S
L500	39	Meta-generator donor	Distance-labelled transfer generator	[pass] content improvement is manual	generate transfer items labelled by distance	item generation	[pass] no machinery for improving teaching	[pass] systems that generate and test better sessions	M	M	[pass] automation slop	[pass] generator outputs pass tests and outcomes	[computed] Analogical distance ladder; Representation generator + tournament	L322 L496	KNOWN	S
L501	39	Meta-generator donor	Hook-gap tuner	[pass] content improvement is manual	fit spacing per primitive	FSRS	[pass] no machinery for improving teaching	[pass] systems that generate and test better sessions	M	M	[pass] automation slop	[pass] generator outputs pass tests and outcomes	[computed] Forgetting curve per learner; World-model gap map	O5609 O5610	KNOWN	S
L502	39	Meta-generator donor	Forge templates	[pass] content improvement is manual	templates for forges	design templates	[pass] no machinery for improving teaching	[pass] systems that generate and test better sessions	M	M	[pass] automation slop	[pass] generator outputs pass tests and outcomes	[computed] Implementation intentions; Life-as-lab forge	L300 L054	KNOWN	S
L503	39	Meta-generator donor	Stakes writer	[pass] content improvement is manual	write the stakes line	writing aids	[pass] no machinery for improving teaching	[pass] systems that generate and test better sessions	M	M	[pass] automation slop	[pass] generator outputs pass tests and outcomes	[computed] Ekphrasis; Composition overlays	L245 L246	KNOWN	S
L504	39	Meta-generator donor	Provenance checker	[pass] content improvement is manual	check every claim has a source	citation checkers	[pass] no machinery for improving teaching	[pass] systems that generate and test better sessions	M	M	[pass] automation slop	[pass] generator outputs pass tests and outcomes	[computed] Recompile on source change; Dimensional check on claims	O4503 O6706	KNOWN	S
L505	39	Meta-generator donor	Auto-season from a book	[pass] content improvement is manual	auto-build a season from a book	summarisation tools	[pass] no machinery for improving teaching	[pass] systems that generate and test better sessions	M	M	rejected: rights problem	[pass] generator outputs pass tests and outcomes	[computed] Book → primitives; Spiral reuse	L126 L065	KNOWN	R:COPY
L506	39	Meta-generator donor	Simulated learners	[pass] content improvement is manual	scripted learners test seasons	simulated students	[pass] no machinery for improving teaching	[pass] systems that generate and test better sessions	M	M	[pass] automation slop	[pass] generator outputs pass tests and outcomes	[computed] Simulated-learner harness; Boss difficulty curve	O6505 O6109	KNOWN	S
L507	39	Meta-generator donor	The registry itself	[pass] content improvement is manual	this registry	idea registries	[pass] no machinery for improving teaching	[pass] systems that generate and test better sessions	M	M	[pass] automation slop	[pass] generator outputs pass tests and outcomes	[computed] Experiment registry; Which field explains this?	L485 L471	KNOWN	S
L508	40	Endgame donor	Learner authors sessions	[pass] the organ could become permanent	the learner assembles sessions for others	learning by teaching	[pass] courses never end	[pass] graduation into authorship, reality and habits	L	L	[pass] abandonment of support too early	[pass] unaided long-term measures	[computed] Cliffhangers; Author a session	L225 O5807	KNOWN	S
L509	40	Endgame donor	Learner builds models	[pass] the organ could become permanent	the learner builds the models	constructionism (Papert)	[pass] courses never end	[pass] graduation into authorship, reality and habits	L	L	[pass] abandonment of support too early	[pass] unaided long-term measures	[computed] 3D models; Learner genome	L438 L078	KNOWN	S
L510	40	Endgame donor	Dissolve into habits	[pass] the organ could become permanent	habits run without the app	fading	[pass] courses never end	[pass] graduation into authorship, reality and habits	L	L	[pass] abandonment of support too early	[pass] unaided long-term measures	[computed] Graduation by dissolution; Reliability certification	O6414 O7215	KNOWN	S
L511	40	Endgame donor	Reality replaces lessons	[pass] the organ could become permanent	real events replace authored lessons	experiential learning (Kolb)	[pass] courses never end	[pass] graduation into authorship, reality and habits	L	L	[pass] abandonment of support too early	[pass] unaided long-term measures	[computed] Taste reality tap; Boss world transfer to reality	O5713 O6119	KNOWN	S
L512	40	Endgame donor	Communities of practice	[pass] the organ could become permanent	join people who practise the idea	Lave & Wenger	[pass] courses never end	[pass] graduation into authorship, reality and habits	L	L	[pass] abandonment of support too early	[pass] unaided long-term measures	[computed] Deliberate-practice targeting; Three-moment history	O7103 O4504	KNOWN	S
L513	40	Endgame donor	Real research	[pass] the organ could become permanent	take part in real research	citizen science	[pass] courses never end	[pass] graduation into authorship, reality and habits	L	L	[pass] abandonment of support too early	[pass] unaided long-term measures	[computed] Research digests; Thinker conflicts	L480 L223	KNOWN	S
L514	40	Endgame donor	Creation as curriculum	[pass] the organ could become permanent	making things as the curriculum	maker education	[pass] courses never end	[pass] graduation into authorship, reality and habits	L	L	[pass] abandonment of support too early	[pass] unaided long-term measures	[computed] Co-creation with AI; Capability as the unit	O5820 L001	KNOWN	S
L515	40	Endgame donor	Human mentors	[pass] the organ could become permanent	human mentors	mentoring	[pass] courses never end	[pass] graduation into authorship, reality and habits	L	L	[pass] abandonment of support too early	[pass] unaided long-term measures	[computed] Human-first definition; Translation of registers	O4304 O6618	KNOWN	S
L516	40	Endgame donor	Question-driven life	[pass] the organ could become permanent	life organised around good questions	inquiry-based learning	[pass] courses never end	[pass] graduation into authorship, reality and habits	L	L	[pass] abandonment of support too early	[pass] unaided long-term measures	[computed] Question vault; Question-to-experiment	L476 O5308	KNOWN	S
L517	40	Endgame donor	Exocortex tools	[pass] the organ could become permanent	tools that extend thought	Engelbart's augmentation	[pass] courses never end	[pass] graduation into authorship, reality and habits	L	L	[pass] abandonment of support too early	[pass] unaided long-term measures	[computed] Thought experiments as models; Truth institutions	L355 L413	KNOWN	S
L518	40	Endgame donor	Apprenticeship to reality	[pass] the organ could become permanent	reality as the teacher	cognitive apprenticeship (Collins et al.)	[pass] courses never end	[pass] graduation into authorship, reality and habits	L	L	[pass] abandonment of support too early	[pass] unaided long-term measures	[computed] VR mechanisms; Reality taps	O4817 L494	KNOWN	S
L519	40	Endgame donor	Self-directed seasons	[pass] the organ could become permanent	the learner designs seasons	self-directed learning	[pass] courses never end	[pass] graduation into authorship, reality and habits	L	L	[pass] abandonment of support too early	[pass] unaided long-term measures	[computed] Future self as protagonist; Learner genome	L224 L078	KNOWN	S
L520	40	Endgame donor	Stop	[pass] the organ could become permanent	the organ stops	graduation	[pass] courses never end	[pass] graduation into authorship, reality and habits	L	L	[pass] abandonment of support too early	[pass] unaided long-term measures	[computed] Stop as reward; Nothing-owed DONE	L490 O6411	KNOWN	S
O4101	41	Education destruction (§100): attack each assumption of schooling	Minutes-owed inversion	courses assume the learner owes time to the syllabus	the syllabus owes a demonstrated gain per minute; a session that cannot show one is deleted, not repeated	cost–benefit accounting	courses are sold by hours, not by change	time returned to life when nothing is gained	L	M	deleting content that pays off late	delayed far transfer per minute before vs after deletions	Minimum effective dose; Dead-content elimination	L006 L161	COMBO	S
O4102	41	Education destruction (§100): attack each assumption of schooling	Grade-free record	grades reward performance on the day and invite gaming	only delayed, unaided, calibrated evidence is recorded; no grade is ever shown	forecasting scorecards	institutions need a ranking; a learner does not	no grade anxiety, no incentive to cram	L	L	loss of an external motivator	gap between hook and in-session accuracy stays small	No composite score; Delayed proof	L288 L004	KNOWN	S
O4103	41	Education destruction (§100): attack each assumption of schooling	Syllabus as hypothesis	syllabi are treated as true once written	each season ships with a written bet (what should change) and is revised when the bet fails	pre-registration	curricula are negotiated documents, rarely falsified	curriculum improves from evidence, not taste	L	M	overfitting to one learner's noise	each season's bet written before release, scored after 30 days	Pre-registration; Experiment registry	L298 L485	COMBO	S
O4104	41	Education destruction (§100): attack each assumption of schooling	No semester clock	learning is paced by a calendar, not by readiness or life	pace set by delayed results and life signals only	just-in-time manufacturing	schools batch-process cohorts	no idle waiting, no rushing	L	L	drift without deadlines	median gap between sessions vs hook decay	Just-in-time primitive	L028	KNOWN	M:Just-in-time primitive
O4105	41	Education destruction (§100): attack each assumption of schooling	Anti-coverage rule	coverage goals force shallow tours	a season teaches six primitives deeply; breadth comes from transfer, not topics	depth-over-breadth studies (Schwartz et al. 2009)	coverage is how syllabi are audited	deeper models that travel	L	L	gaps the learner never notices	far transfer to untaught domains	Seasons, not courses	L027	KNOWN	S
O4106	41	Education destruction (§100): attack each assumption of schooling	Unbundled credential	learning and certification are welded together	Renaissance never certifies; evidence is private and serves the learner's decisions	unbundling (economics)	schools earn by certifying	no signalling pressure	L	L	no external proof of capability	audit: no credential feature exists	Signal vs capability	L285	KNOWN	S
O4107	41	Education destruction (§100): attack each assumption of schooling	Permission to skip by proof	everyone sits through what they already know	one hard question from later in the session; right and not guessed skips ahead	credit by examination	cohorts must move together	no redundant minutes	L	L	lucky guesses	skip accuracy on later hooks	Hidden machinery; Explanatory-depth probes	L148 L450	KNOWN	S
O4108	41	Education destruction (§100): attack each assumption of schooling	Wrongness as tuition	errors are punished	committed wrong predictions are the most valuable events and are kept as revised beliefs	hypercorrection effect (Butterfield & Metcalfe 2001)	grades penalise errors	confident errors corrected are remembered better	L	L	shame if framed badly	retention of corrected confident errors vs other errors	Hypercorrection repair; Surprise journal	L303 L205	KNOWN	S
O4109	41	Education destruction (§100): attack each assumption of schooling	Lecture removal	explanations delivered as monologue	no step longer than one screen without a decision	active-learning meta-analysis (Freeman et al. 2014)	lecture is the cheapest format to staff	attention held by decisions, not tricks	L	M	fragmenting long arguments	time per step and completion vs comprehension	Explorable model as the unit	L041	KNOWN	S
O4110	41	Education destruction (§100): attack each assumption of schooling	Textbook dissolution	books are the unit of knowledge	ideas are compiled from books into mechanisms; the book is cited, not assigned	compilers	publishers sell books	only the load-bearing part reaches the learner	L	M	losing the book's voice	share of sessions with a preserved jewel	Book → primitives; Jewel vs context	L126 L118	COMBO	M:Book → primitives
O4111	41	Education destruction (§100): attack each assumption of schooling	Exam as instrument, not goal	education optimises for exams	tests exist to steer the next session; there is no final exam	formative assessment (Black & Wiliam 1998)	exams are accountability tools	no teaching to the test	L	L	no summative pressure	audit: no score is used for anything but scheduling	No composite score	L288	KNOWN	S
O4112	41	Education destruction (§100): attack each assumption of schooling	Prerequisite honesty	courses demand prerequisites that are not needed	each step names the one missing step it needs; nothing else is required	dependency analysis	prerequisites protect departments	access to ideas years earlier	L	M	missing a real prerequisite	x-ray 'step' causes per session	Discovered prerequisites	L033	COMBO	M:Discovered prerequisites
O4113	41	Education destruction (§100): attack each assumption of schooling	Homework abolition	homework is unbounded and unmeasured	the only homework is one forge applied once, with one yes/no reality tap	implementation intentions (Gollwitzer)	homework is traditional	bounded, real use	L	L	too little practice	reality-tap 'used' rate	Life-as-lab forge; Reality taps	L054 L494	KNOWN	S
O4114	41	Education destruction (§100): attack each assumption of schooling	Motivation outsourcing refusal	schools rely on external rewards	the only reward is the click and a real use; no points, no badges	self-determination theory	rewards are cheap to add	intrinsic interest not undermined	L	L	lower early engagement	lint for points and badges; weekly return rate	Dark-pattern ban; Badges	L423 L218	KNOWN	S
O4115	41	Education destruction (§100): attack each assumption of schooling	School-to-life gap closer	schooling ends at the classroom door	every session ends with a device for this week and asks once whether it met reality	transfer-appropriate processing	outside life is not measured	ideas used where they matter	L	L	self-report bias	tap answers vs later forge quality	Reality taps	L494	KNOWN	M:Reality taps
O4116	41	Education destruction (§100): attack each assumption of schooling	Age-grade escape	content is gated by age or year	content gated only by demonstrated readiness	mastery learning (Bloom 1968)	grades organise schools	no ceiling	L	L	mismatched maturity	readiness-gated items attempted vs passed	Discovered prerequisites	L033	KNOWN	S
O4117	41	Education destruction (§100): attack each assumption of schooling	Uniform pacing removal	a class moves at one speed	the next step's size adapts to the last committed answers	adaptive instruction	one teacher, many students	fewer wasted minutes	L	M	noisy adaptation	steps skipped vs later errors	Success-rate controller	L093	KNOWN	M:Success-rate controller
O4118	41	Education destruction (§100): attack each assumption of schooling	Teacher-authority audit	explanations are trusted because an authority gave them	each explanation carries its source grade and a test that could show it wrong	peer review	classrooms rarely expose provenance	trust calibrated to evidence	L	M	cluttered screens	share of steps with a graded source	Provenance on demand; Myth provenance grades	L429 L492	KNOWN	M:Provenance on demand
O4119	41	Education destruction (§100): attack each assumption of schooling	Classroom discussion	discussion needs a class	scheduled group discussions	seminars	—	real disagreement	H	M	scheduling burden for one learner	—	Co-op	L219	KNOWN	R:SCOPE
O4120	41	Education destruction (§100): attack each assumption of schooling	Semester final	summative proof	a big exam at season end	final exams	—	—	M	L	cramming, anxiety	—	Delayed proof	L004	KNOWN	R:EVID
O4201	42	Irreducible experience and reality (§5, §6, §33, §61–62)	Primary-number rule	secondary summaries distort numbers	the key number is shown as in the primary source with its year and denominator	data journalism	textbooks round and relabel	trust and memorability	L	M	misreading the primary table	audit: each key number has a source id	Archive data; Provenance checker	L380 L504	KNOWN	S
O4202	42	Irreducible experience and reality (§5, §6, §33, §61–62)	Scene before abstraction	abstractions float without an anchor	a concrete scene (Vienna 1846, Soho 1854) precedes the principle	case method	principles are faster to write	a retrieval cue for the idea	L	L	anecdote replacing evidence	hook accuracy for scene-first vs principle-first	Discovery reenactment	L183	KNOWN	S
O4203	42	Irreducible experience and reality (§5, §6, §33, §61–62)	Life-case compiler	authored cases feel distant	the learner's logged decisions become cases for later sessions	case-based reasoning	school has no access to the learner's life	maximal relevance	M	M	privacy, rumination	hook accuracy on life cases vs authored cases	Learner's data as cases	L483	COMBO	M:Learner's data as cases
O4204	42	Irreducible experience and reality (§5, §6, §33, §61–62)	Street-object looking	some experiences need presence	structured looking at a real object nearby (a queue, a bridge, a label) with fixed-option questions	nature journaling	field trips are costly	perception trained on the real world	M	L	impractical tasks	completion and accuracy of observations	Observation quest; Micro-fieldwork	L058 L369	COMBO	S
O4205	42	Irreducible experience and reality (§5, §6, §33, §61–62)	One physical act per season	some capabilities need the body	one physical measurement or action per season (time a queue, drop two objects)	embodied cognition (evidence mixed)	screens are easier	felt understanding	M	L	gimmick	retention for sessions with vs without the act	Embodied tasks	L318	COMBO	S
O4206	42	Irreducible experience and reality (§5, §6, §33, §61–62)	Paced reveal	explanations kill wonder	prediction, surprise, then mechanism; never the answer first	narrative suspense	information-first formats	curiosity survives the explanation	L	L	manipulative pacing	voluntary GO DEEPER after reveals	Predict before tell; Mystery structure	L002 L222	KNOWN	S
O4207	42	Irreducible experience and reality (§5, §6, §33, §61–62)	Original-order replay	history is taught with hindsight	events shown in the order people learned them, with only what they knew	historiography	textbooks use logical order	the real feel of discovery	L	M	confusing sequence	prediction accuracy under period knowledge	Discovery reenactment; Presentism alarm	L183 L387	KNOWN	S
O4208	42	Irreducible experience and reality (§5, §6, §33, §61–62)	Safe real failure	errors in the app don't hurt	forges designed so a weak device fails visibly within the week, at low stakes	natural consequences	classroom errors are free	feedback from reality	M	L	real harm	only low-stakes forges pass the linter	Life-as-lab forge	L054	COMBO	S
O4209	42	Irreducible experience and reality (§5, §6, §33, §61–62)	Whole artefact viewing	descriptions replace artefacts	public-domain artefacts shown whole when lawful (tables, drawings, maps)	archives	rights and effort	direct contact with evidence	L	M	copyright	provenance audit	Primary artifact as the unit; Public-domain art library	L044 L247	KNOWN	M:Primary artifact as the unit
O4210	42	Irreducible experience and reality (§5, §6, §33, §61–62)	Measure it yourself	numbers arrive pre-digested	the learner measures one quantity and the session uses it	citizen science	requires the world	ownership of data	M	L	bad measurement	plausibility check on the reported number	Measurement design	L189	COMBO	S
O4211	42	Irreducible experience and reality (§5, §6, §33, §61–62)	Surprise ledger	surprises are forgotten	confident wrong predictions are kept and shown back months later	prediction journals	not tracked	belief change made visible	L	L	rumination	revisited surprises retained	Surprise journal; Belief version control	L205 L357	COMBO	M:Surprise journal
O4212	42	Irreducible experience and reality (§5, §6, §33, §61–62)	Stakes-first framing	learners ask why this matters	every session states what goes wrong without the idea before any content	problem-based learning	content-first habit	motivated attention	L	L	exaggerated stakes	stakes claims carry provenance	Stakes per session	L233	KNOWN	M:Stakes per session
O4213	42	Irreducible experience and reality (§5, §6, §33, §61–62)	Notice-first step	everything is explained before it is seen	a step shows a picture and asks what the learner notices, with fixed options	visual thinking strategies	time pressure	perception before labels	L	L	drift toward open prompts	noticing accuracy; options always fixed	Looking protocols	L236	COMBO	S
O4214	42	Irreducible experience and reality (§5, §6, §33, §61–62)	Spoiler shield	the first exposure happens once	door text and hooks never contain an answer the session will ask to predict	spoiler etiquette	reviews reveal answers	honest predictions	L	L	none significant	lint: door and hook text vs later keys	Predict before tell	L002	UNCLEAR	S
O4215	42	Irreducible experience and reality (§5, §6, §33, §61–62)	Reality number	the app cannot see the world	each forge asks for one number from reality (minutes slept, items done)	self-tracking	no channel	claims grounded in data	L	L	noise, burden	response rate and variance	Personal lab notebook	L191	KNOWN	S
O4216	42	Irreducible experience and reality (§5, §6, §33, §61–62)	Reality veto	the app may be wrong about the world	when a forge fails in reality, its session is flagged for revision	incident reports	no loop from world to content	self-correcting content	L	L	false alarms	flags per season and fixes shipped	Reality taps; Error bounty	L494 L299	COMBO	S
O4217	42	Irreducible experience and reality (§5, §6, §33, §61–62)	Place from primary maps	some knowledge needs place	a walk through a place built from primary maps and plans	virtual tours	cost	spatial memory	M	H	fabricated detail	—	Virtual museum walk	L243	KNOWN	R:COST
O4218	42	Irreducible experience and reality (§5, §6, §33, §61–62)	Forced slow looking	fast consumption	CONTINUE disabled for 20 seconds while details reveal	slow-looking pedagogy	speed rewarded	perception	M	L	coercion, annoyance	—	Looking protocols	L236	KNOWN	R:ADDICT
O4219	42	Irreducible experience and reality (§5, §6, §33, §61–62)	Experience-sampled use	use outside the app is unknown	random prompts during the week asking whether an idea is in play	experience sampling (Csikszentmihalyi)	not done	rich use data	M	M	interruptions, notification pressure	—	Moment prompts; No notifications	L055 L427	KNOWN	R:ADDICT
O4220	42	Irreducible experience and reality (§5, §6, §33, §61–62)	Irreducible-part test	is the jewel really irreducible?	compare sessions with the jewel paraphrased vs preserved on delayed hooks	ablation studies	never tested	evidence for what must stay	L	M	small n	within-person counterbalanced comparison	Jewel vs context	L118	COMBO	S
O4301	43	Complexity firewall, vocabulary law, no open-ended laziness (§9–§13)	Three-boxes drill	people can't say what a problem basically is	after a messy case, choose the three boxes that capture it	minimal models in science	essays reward length	fast structure finding	L	L	oversimplifying	boss-world three-boxes item accuracy	Minimum sufficient model board	O4313	COMBO	S
O4302	43	Complexity firewall, vocabulary law, no open-ended laziness (§9–§13)	Decisive-question pick	people ask many weak questions	choose from four the question whose answer would change the decision	value of information (Howard 1966)	questions are not graded	sharper inquiry	L	L	context-free questions	transfer items on unseen decisions	Decisive question as the unit	L040	KNOWN	S
O4303	43	Complexity firewall, vocabulary law, no open-ended laziness (§9–§13)	Egyptian-Arabic sticky line	technical terms don't stick	every term has a short Egyptian-Arabic line beside the human and technical ones	native-language glosses	English-only curricula	memory in the learner's own voice	L	M	translation errors	native review; recall with vs without	Sticky mnemonic layer	L129	COMBO	S
O4304	43	Complexity firewall, vocabulary law, no open-ended laziness (§9–§13)	Human-first definition	definitions start technical	human sentence first, technical last	concreteness fading (Fyfe et al. 2014)	rigour-first habit	understanding before formalism	L	L	imprecision if the last layer is skipped	vocabulary cards always have three layers (test)	Label after concept; Definitions after concepts	L012 L362	KNOWN	M:Label after concept
O4305	43	Complexity firewall, vocabulary law, no open-ended laziness (§9–§13)	Open-prompt ban	'what do you think?' costs effort without feedback	every task has fixed options with a key and a diagnosis per wrong option	diagnostic multiple choice	open prompts are easy to write	no thinking tax	L	L	shallow recognition	lint test; far-transfer accuracy	Reflection prompts; Session linter	L455 L499	KNOWN	S
O4306	43	Complexity firewall, vocabulary law, no open-ended laziness (§9–§13)	Forge from graded parts	creative tasks are open-ended	build a device from graded parts, then critique it	morphological analysis (Zwicky)	creation seen as free-form	creation without blank-page cost	L	L	constrained creativity	forge quality vs reality use	Forge templates	L502	COMBO	S
O4307	43	Complexity firewall, vocabulary law, no open-ended laziness (§9–§13)	One decision per screen	screens overload	each screen carries one decision; the helper row never grows	Hick's law	features accumulate	calm interface	L	L	hidden depth	controls counted per screen (test)	One button; Progressive disclosure	L417 L418	KNOWN	S
O4308	43	Complexity firewall, vocabulary law, no open-ended laziness (§9–§13)	One-sentence truth pick	long explanations hide confusion	choose the one-sentence version that keeps the truth from four	summarisation tasks	not assessed	compression as a skill	L	L	false precision	cognitive-shock item 2	Summary must pass a test	L123	COMBO	M:Summary must pass a test
O4309	43	Complexity firewall, vocabulary law, no open-ended laziness (§9–§13)	Analogy with a breaking point	analogies mislead	every analogy card says where it breaks	analogical reasoning research	analogies seen as decoration	fast intuition with limits	L	L	misleading analogy	lint: 'where it breaks' present	Analogy pair as the unit	L018	KNOWN	S
O4310	43	Complexity firewall, vocabulary law, no open-ended laziness (§9–§13)	Jargon-dressed distractors	fancy words impress	distractors dressed in jargon are scored wrong and diagnosed as pretension	plain-language movement	jargon is rewarded	resistance to verbal fog	L	L	anti-intellectual tone	pretension bug rate over time	Sentence-level clarity test	O4315	UNCLEAR	S
O4311	43	Complexity firewall, vocabulary law, no open-ended laziness (§9–§13)	Missing-step bridge	explanations skip a step	THIS DIDN'T CLICK → step shows the one missing step	worked-example research	teachers can't see the gap	repairs the real cause	L	L	wrong guess of the missing step	accuracy after the bridge	Discovered prerequisites	L033	KNOWN	S
O4312	43	Complexity firewall, vocabulary law, no open-ended laziness (§9–§13)	Cause-typed repair router	one repair for every confusion	the learner picks the cause (word, picture, step, why care) and gets that repair	help-seeking research	hint levels ignore cause	right repair first time	L	L	misattributed causes	post-repair accuracy by cause	Missing-step bridge	O4311	UNCLEAR	S
O4313	43	Complexity firewall, vocabulary law, no open-ended laziness (§9–§13)	Minimum sufficient model board	discussion lacks a model	switch mechanisms on until all symptoms are explained, then remove one	model selection (parsimony)	not practised	parsimony as a habit	L	M	non-unique models (taught explicitly)	boss-world model step	Three-boxes drill	O4301	UNCLEAR	S
O4314	43	Complexity firewall, vocabulary law, no open-ended laziness (§9–§13)	Hard minute budget	sessions sprawl	each session has a hard budget; a short dose continues tomorrow instead of rushing	time-boxing	lectures overrun	respect for time	L	L	rushing	minutes vs plan	Minimum effective dose	L006	KNOWN	M:Minimum effective dose
O4315	43	Complexity firewall, vocabulary law, no open-ended laziness (§9–§13)	Sentence-level clarity test	writing is vague	rewrite options scored on concrete subject and verb, dead words, stress position	Gopen & Swan 1990	style taught as taste	clear writing	L	L	rule worship	taste-session transfer items	Writing + reasoning	L458	KNOWN	S
O4316	43	Complexity firewall, vocabulary law, no open-ended laziness (§9–§13)	Counterless question vault	good questions get lost; lists become debts	flagged questions are stored without a counter or reminder and answered only when a session exists	question banks	no place for questions	curiosity kept without debt	L	L	the vault as hidden backlog	test: no count or nag anywhere	Question vault	L476	COMBO	M:Question vault
O4317	43	Complexity firewall, vocabulary law, no open-ended laziness (§9–§13)	Glossary page	terms scattered	a full glossary	book appendix	—	look-up	L	L	search cost, detached from use	—	Term budget per step	L107	KNOWN	R:DUP
O4318	43	Complexity firewall, vocabulary law, no open-ended laziness (§9–§13)	Free-text reflection box	depth	a text box after each session	journals	—	—	M	L	thinking tax; unscored	—	Reflection prompts; Journaling	L455 L062	KNOWN	R:TAX
O4319	43	Complexity firewall, vocabulary law, no open-ended laziness (§9–§13)	Complexity meter	is a screen too complex?	count terms, controls and words per screen at build time and fail above a budget	readability formulas	not measured	the firewall enforced by the machine	L	L	metric gaming by splitting screens	build-time budget test	One decision per screen; Session type checker	O4307 L158	COMBO	S
O4320	43	Complexity firewall, vocabulary law, no open-ended laziness (§9–§13)	Vocabulary debt tracker	unknown words accumulate	words the learner opened most are re-used in later sessions deliberately	vocabulary spacing	untracked	words become owned	L	L	none	term reopen rate over time	Hooks inside later sessions	L053	COMBO	S
O4401	44	Satisfaction and click-event economics (§15–§16)	Click-event candidate	no one measures insight	a confident wrong prediction then a right, non-guessed transfer in the same session is logged as a click	insight research (Kounios & Beeman 2014)	insight is invisible to grading	optimise for real clicks	L	L	false positives from guessing	clicks vs delayed far transfer	Prediction error	L327	COMBO	S
O4402	44	Satisfaction and click-event economics (§15–§16)	Minutes per click	cost of insight unknown	receipts show minutes per click candidate	unit economics	not measured	dose tuning	L	L	gaming by answering wrong first	wrong-first detector: 'sure' required	Click-event candidate; Bits per minute	O4401 L117	COMBO	S
O4403	44	Satisfaction and click-event economics (§15–§16)	Understanding as the only payoff	apps pay out variable rewards	the payoff is the change shown back (what you now predict differently)	self-determination theory	engagement metrics	healthy return	L	L	lower daily return	no variable-reward code (lint)	Dark-pattern ban	L423	KNOWN	S
O4404	44	Satisfaction and click-event economics (§15–§16)	Evidence-only receipt	sessions end without closure	the receipt lists only logged facts: predictions revised, device built, what returns when	after-action review	no closure	felt progress grounded in evidence	L	L	self-congratulation	receipt fields all trace to logs (test)	Compressed receipts	L122	COMBO	S
O4405	44	Satisfaction and click-event economics (§15–§16)	Click forecasting	which session will click?	predict each session's click chance from history and order the season by it	recommender systems	not tracked	higher yield per minute	L	M	exploitation over exploration	forecast Brier score	Click-event candidate	O4401	COMBO	S
O4406	44	Satisfaction and click-event economics (§15–§16)	Click replay far away	clicks stay local	the clicked idea returns as a 7-day hook in a far domain	variability of practice	same-context review	click becomes capability	L	L	none	7-day far-hook accuracy after clicks	Hooks inside later sessions	L053	COMBO	S
O4407	44	Satisfaction and click-event economics (§15–§16)	Satisfaction firewall	fun is not learning	satisfaction never enters any optimisation target	Goodhart's law	engagement-driven ed-tech	objective protected	L	L	boredom	objective definitions audited	No composite score	L288	KNOWN	S
O4408	44	Satisfaction and click-event economics (§15–§16)	No pure-setup screen	long wait for payoff	every screen ends with a decision or a reveal	game-design pacing	chapter structure	attention	L	L	choppy flow	count of screens without a decision	Lecture removal	O4109	KNOWN	S
O4409	44	Satisfaction and click-event economics (§15–§16)	Earned depth	depth imposed on all	GO DEEPER only after the core, never required	progressive disclosure	fixed depth	respect	L	L	never going deep	deeper opens per session	Progressive disclosure	L418	KNOWN	M:Progressive disclosure
O4410	44	Satisfaction and click-event economics (§15–§16)	Click taxonomy	clicks differ	tag each click by what preceded it: new representation, contrast, prediction error	learning analytics	untracked	which pedagogy produces insight	L	M	overfitting	click causes per representation kind	Representation tournament	L079	COMBO	S
O4411	44	Satisfaction and click-event economics (§15–§16)	Closed endings	cliffhangers keep users	sessions end closed; no loop is left open to pull the learner back	Zeigarnik critique	retention metrics	no compulsion	L	L	lower return	lint for cliffhanger text	Cliffhangers	L225	KNOWN	S
O4412	44	Satisfaction and click-event economics (§15–§16)	Time to first transfer	time to understanding unknown	minutes from session start to first right transfer answer	time-to-competence	not measured	a learning-speed signal	L	L	rushing	trend over seasons	Bits per minute	L117	COMBO	S
O4413	44	Satisfaction and click-event economics (§15–§16)	One idea per session	too many ideas	one primitive, one contrast per session	chunking	coverage pressure	clean clicks	L	L	slow breadth	clicks per session vs ideas per session	Anti-coverage rule	O4105	KNOWN	S
O4414	44	Satisfaction and click-event economics (§15–§16)	Hard-question dessert	hard problems scare	the challenge is framed as optional proof, never a gate	challenge by choice	exams are gates	confidence without pressure	L	L	avoiding challenges	challenge attempts	Permission to skip by proof	O4107	KNOWN	S
O4415	44	Satisfaction and click-event economics (§15–§16)	Variable bonus	retention	random bonuses on completion	slot machines	—	—	L	L	compulsion	—	Dark-pattern ban	L423	KNOWN	R:ADDICT
O4416	44	Satisfaction and click-event economics (§15–§16)	Days-in-a-row counter	return rate	a streak display	habit apps	—	—	L	L	guilt, loss aversion	—	Loss-aversion streaks	L310	KNOWN	R:GUILT
O4417	44	Satisfaction and click-event economics (§15–§16)	Friends leaderboard	motivation	rank against friends	social comparison	—	—	L	M	comparison harm	—	Badges	L218	KNOWN	R:SLOP
O4418	44	Satisfaction and click-event economics (§15–§16)	That-clicked button	the learner feels an insight	a one-tap self-report	self-report	—	a cheap signal	L	L	noise; adds a control	—	Click-event candidate	O4401	KNOWN	R:UNTEST
O4419	44	Satisfaction and click-event economics (§15–§16)	Insight yield per season	which seasons pay?	clicks per 100 minutes per season, with n	portfolio returns	not computed	season selection by evidence	L	L	small n	report with n, no p-values	Primitive portfolio	L278	COMBO	S
O4420	44	Satisfaction and click-event economics (§15–§16)	Click-to-reality conversion	insight may stay in the app	share of clicks whose forge was reported 'used'	conversion funnels	not linked	insight that reaches life	L	L	self-report	tap answers after clicked sessions	Reality taps; Click-event candidate	L494 O4401	COMBO	S
O4501	45	Civilization compiler and knowledge recompiler (§17, §75)	Mechanism extraction	knowledge is stored as books and fields	compile a domain into its load-bearing mechanisms with cases and tests	compilers; many-model thinking (Page 2018)	disciplines teach content, not mechanisms	portable understanding	M	H	losing context	mechanism coverage per domain vs an expert list	Mechanism-indexed map; Book → primitives	L014 L126	COMBO	S
O4502	45	Civilization compiler and knowledge recompiler (§17, §75)	Filled-cell rule	cases invented to fill a matrix	a primitive × domain cell counts only with a verified, sourced case	periodic tables	departments don't share	honest map of where ideas travel	M	M	empty cells stay empty	every cell has a provenance id	Primitive × domain matrix	L026	COMBO	S
O4503	45	Civilization compiler and knowledge recompiler (§17, §75)	Recompile on source change	facts change, courses don't	each claim has a source date; a changed source rebuilds the affected steps	build systems (make)	static textbooks	freshness	L	M	churn	stale-claim count	Live update; Knowledge half-life	L154 L411	COMBO	S
O4504	45	Civilization compiler and knowledge recompiler (§17, §75)	Three-moment history	an idea's history is long	the three moments that changed the idea, each with what people knew then	concept genealogy	chronological surveys	fast grasp of why	L	M	cherry-picking	expert review of chosen moments	Concept genealogy	L378	COMBO	S
O4505	45	Civilization compiler and knowledge recompiler (§17, §75)	Dead-end museum	failed ideas are forgotten	short cases of ideas that failed and why (miasma, phlogiston)	history of science	success stories only	judgment about ideas	L	M	presentism	prediction accuracy on failed-idea cases	Lost futures; Presentism alarm	L384 L387	COMBO	S
O4506	45	Civilization compiler and knowledge recompiler (§17, §75)	Domain entry kit	entering a new field is slow	for any field: its three core mechanisms, its classic mistake, its decisive question	expert elicitation	fields gate entry	fast orientation	M	H	a wrong kit	alien-problem orientation time	Three-boxes drill	O4301	COMBO	S
O4507	45	Civilization compiler and knowledge recompiler (§17, §75)	Canon compression with one jewel	classics are long	a classic compiled to the mechanism it contributed plus one preserved public-domain passage	abridgement	reading lists	access to the idea without losing the voice	M	M	betraying the work	jewel preserved; provenance audit	Whole treatises; Jewel vs context	L364 L118	COMBO	S
O4508	45	Civilization compiler and knowledge recompiler (§17, §75)	Cross-era translation	old texts use old concepts	translate an old argument into mechanism terms, marking what doesn't translate	hermeneutics	anachronism unmarked	respect and understanding	M	M	anachronism	marked non-translations per case	Presentism alarm	L387	COMBO	S
O4509	45	Civilization compiler and knowledge recompiler (§17, §75)	Name-collision map	fields name the same mechanism differently	map names across fields (feedback = homeostasis = control loop)	concept mapping	silos	wormholes between fields	L	M	false equivalence	expert check of each equivalence	Mechanism-indexed map	L014	KNOWN	S
O4510	45	Civilization compiler and knowledge recompiler (§17, §75)	Mechanism genealogy	where did an idea come from?	each primitive lists sourced ancestors and descendants	phylogenetics	not taught	structure of knowledge	L	M	speculative lineage	a source for each link	Concept genealogy	L378	COMBO	M:Concept genealogy
O4511	45	Civilization compiler and knowledge recompiler (§17, §75)	Unsourced-claim build failure	unsourced claims slip in	the build rejects a session with any claim lacking a source id	static analysis	manual editing	truth protected	L	L	false sense of security	test R20	Provenance checker	L504	KNOWN	M:Provenance checker
O4512	45	Civilization compiler and knowledge recompiler (§17, §75)	Half-life tags	some facts expire fast	each claim tagged with an expected half-life (a constant vs a market statistic)	half-life of facts (Arbesman 2012)	not tracked	right re-verification cadence	L	M	bad estimates	re-verification adherence	Knowledge half-life	L411	KNOWN	M:Knowledge half-life
O4513	45	Civilization compiler and knowledge recompiler (§17, §75)	Belief recompile	old beliefs persist after sources change	when a source changes, beliefs in the ledger that rest on it return as hooks	cache invalidation	no ledger exists	beliefs stay current	L	M	noise	flag-to-hook conversions	Belief version control; Recompile on source change	L357 O4503	COMBO	S
O4514	45	Civilization compiler and knowledge recompiler (§17, §75)	Missing-tool atlas	why progress stalled	cases where a missing instrument or concept blocked progress	history of technology	rarely framed	sense of what unlocks progress	L	M	just-so stories	grade every case	Dead-end museum	O4505	COMBO	S
O4515	45	Civilization compiler and knowledge recompiler (§17, §75)	Encyclopedia autocompile	cheap content	a model compiles sessions from encyclopedias	content farms	—	—	L	M	fabrication, slop	—	Auto-season from a book	L505	KNOWN	R:TRUTH
O4516	45	Civilization compiler and knowledge recompiler (§17, §75)	Everything course	coverage	a course on every field	MOOC catalogues	—	—	H	H	shallow and infinite	—	Anti-coverage rule	O4105	KNOWN	R:SCOPE
O4517	45	Civilization compiler and knowledge recompiler (§17, §75)	Held-out battery per primitive	is a mechanism understood?	each primitive ships with an unseen transfer battery never shown in sessions	item banks	tests follow courses	portable evidence	L	M	item leakage	held-out items never appear in session text (test)	Held-out audits	L289	COMBO	S
O4518	45	Civilization compiler and knowledge recompiler (§17, §75)	Domain entry cost	some fields are harder to enter	minutes to 3/4 far transfer recorded per domain	learning curves	untracked	cheap high-value entries chosen first	L	L	small n	learning-speed series	Time to first transfer	O4412	COMBO	S
O4519	45	Civilization compiler and knowledge recompiler (§17, §75)	Founder-work compiler	founder lessons are scattered	company events compiled into mechanism cases	post-mortems	no bridge	relevance	M	M	privacy	cases used vs hooks	Life-case compiler	O4203	COMBO	M:Learner's data as cases
O4520	45	Civilization compiler and knowledge recompiler (§17, §75)	Civilizational recompile schedule	the canon of mechanisms itself ages	once a year, re-rank primitives by use and evidence; retire and add	portfolio rebalancing	curricula ossify	a living canon	L	M	churn	yearly diff with reasons	Retirement rule; Primitive portfolio	L029 L278	COMBO	S
O4601	46	Capability genome, periodic table, cognitive chemistry, dark matter (§18–§21)	Capability atoms	capabilities are named by subject, not by operation	a small set of atoms (causal, probabilistic, model, constraint, question…) tags every step	cognitive task analysis	subjects hide shared operations	training aimed at operations that travel	L	L	atoms too coarse or too many	per-atom delayed accuracy is stable across domains	Capability as the unit	L001	COMBO	S
O4602	46	Capability genome, periodic table, cognitive chemistry, dark matter (§18–§21)	Atom coverage map	some atoms are never trained	count steps per atom per season; seasons fill thin atoms	coverage testing	no atom list exists	balanced growth	L	L	atom counting becomes the goal	atom counts vs delayed accuracy	Capability atoms	O4601	COMBO	S
O4603	46	Capability genome, periodic table, cognitive chemistry, dark matter (§18–§21)	Periodic groups by operation	atoms lack structure	group atoms by what they act on: causes, uncertainty, representations, questions, values, self	Mendeleev's table	no taxonomy of thinking operations	predicts missing atoms	L	L	false precision	each group predicts an atom later found useful	Capability atoms	O4601	UNCLEAR	S
O4604	46	Capability genome, periodic table, cognitive chemistry, dark matter (§18–§21)	Periods by abstraction level	atoms mix levels	rows: perceive → model → intervene → evaluate → meta	Bloom's revised taxonomy	levels taught as a hierarchy of verbs	clearer next step per atom	L	L	Bloom-like rigidity	row predicts difficulty order	Periodic groups by operation	O4603	KNOWN	S
O4605	46	Capability genome, periodic table, cognitive chemistry, dark matter (§18–§21)	Compound capabilities	real skills are combinations	compounds defined as bonded atoms: diagnosis = base rate + causal + question	chemistry	skills taught as wholes	decompose real skills into trainable parts	L	M	wrong decompositions	compound items predicted from atom scores	Multi-primitive boss problems	L210	UNCLEAR	S
O4606	46	Capability genome, periodic table, cognitive chemistry, dark matter (§18–§21)	Bond strength test	which atoms work together?	an item needing two atoms tests the bond; failure when both atoms pass alone is a bond failure	interaction effects	not measured	finds integration gaps	L	M	confounded items	bond items vs single-atom items	Compound capabilities	O4605	UNCLEAR	S
O4607	46	Capability genome, periodic table, cognitive chemistry, dark matter (§18–§21)	Catalyst representations	some representations speed many atoms	track which representation raises accuracy across several atoms	catalysis	representations judged per topic	high-leverage representations	L	M	noise	cross-atom effect of a representation	Representation tournament	L079	UNCLEAR	S
O4608	46	Capability genome, periodic table, cognitive chemistry, dark matter (§18–§21)	Inhibitor misconceptions	some bugs block several atoms	misconceptions that lower accuracy across atoms get priority repair	enzyme inhibition	bugs fixed per topic	leverage in repair	L	M	misattribution	repair of one bug raises several atoms	Misconception miner	L495	UNCLEAR	S
O4609	46	Capability genome, periodic table, cognitive chemistry, dark matter (§18–§21)	Dark-matter atoms	some capabilities are real but unnamed	log unexplained successes and failures; a cluster that fits no atom proposes a new one	dark matter inference	only named skills are taught	discovers missing capabilities	L	M	inventing atoms from noise	a proposed atom must predict new items	Capability atoms; Anomaly hunt	O4601 L186	UNCLEAR	S
O4610	46	Capability genome, periodic table, cognitive chemistry, dark matter (§18–§21)	Orientation atom	entering the unknown is untaught	a named atom for 'what kind of problem is this?' trained by unlabelled items	situational awareness	every exercise tells you the chapter	faster start in new domains	L	L	hard to measure	unlabelled-item accuracy trend	Unlabelled boss world	O5201	COMBO	S
O4611	46	Capability genome, periodic table, cognitive chemistry, dark matter (§18–§21)	Minimality atom	people over-model	a named atom for the smallest sufficient model	parsimony	more detail rewarded	clarity	L	L	oversimplification	minimal-model items	Minimum sufficient model board	O4313	COMBO	S
O4612	46	Capability genome, periodic table, cognitive chemistry, dark matter (§18–§21)	Measurement atom	numbers taken at face value	atom for 'what does this number actually measure?'	measurement theory	measurement taught only in labs	Goodhart resistance	L	L	none	proxy items across domains	Measurement design	L189	KNOWN	S
O4613	46	Capability genome, periodic table, cognitive chemistry, dark matter (§18–§21)	Self-model atom	people misjudge their own knowledge	atom trained by calibration and prediction of one's own score	metacognition	not trained	better study decisions	L	L	anxiety	calibration trend	Calibration curve	L443	KNOWN	S
O4614	46	Capability genome, periodic table, cognitive chemistry, dark matter (§18–§21)	Atom half-life	atoms fade at different rates	fit a forgetting half-life per atom from hooks	pharmacokinetics	one schedule for all	right spacing per atom	L	M	overfitting	fit vs next hook	Hook-gap tuner	L501	COMBO	M:Hook-gap tuner
O4615	46	Capability genome, periodic table, cognitive chemistry, dark matter (§18–§21)	Genome report	the learner can't see what he's built	WHY THIS? lists the atoms the step trains and their delayed record	gene expression profiles	transcripts list courses	self-knowledge	L	L	dashboard creep	shown only on demand	Capability atoms	O4601	COMBO	S
O4616	46	Capability genome, periodic table, cognitive chemistry, dark matter (§18–§21)	IQ-style atom score	one number	a composite of atoms	IQ	—	—	L	L	Goodhart, fetish	—	No composite score	L288	KNOWN	R:SLOP
O4617	46	Capability genome, periodic table, cognitive chemistry, dark matter (§18–§21)	Brain-region atoms	neuro framing	map atoms to brain regions	neuromyths	—	—	L	L	false science	—	Brain training	L336	KNOWN	R:EVID
O4618	46	Capability genome, periodic table, cognitive chemistry, dark matter (§18–§21)	Atom mutation	atoms may be wrong	split an atom when its items stop correlating	speciation	never revised	taxonomy improves	L	M	churn	item correlation within atoms	Speciation	L082	COMBO	M:Speciation
O4619	46	Capability genome, periodic table, cognitive chemistry, dark matter (§18–§21)	Missing-element prediction	what capability haven't we named?	gaps in the table (e.g., an 'intervene on values' cell) predict atoms to look for	Mendeleev's gaps	no table	directed discovery	L	L	forcing a symmetric table	predicted atoms tested on items	Periodic groups by operation	O4603	UNCLEAR	S
O4620	46	Capability genome, periodic table, cognitive chemistry, dark matter (§18–§21)	Reaction recipes	how do atoms combine in practice?	worked recipes: 'decision under uncertainty' = question + base rate + value of information	cookbooks	skills taught separately	portable procedures	L	L	recipe rigidity	recipe items in far domains	Compound capabilities	O4605	COMBO	S
O4701	47	New-sense generator and perceptual resolution (§22, §56)	Log-scale sense	doubling looks like nothing then everything	train reading growth on a log axis until doubling is seen as a straight line	logarithmic perception	log scales taught as a trick	early warning for exponential processes	L	L	misreading bends	log-plot items unaided at 30 days	Exponential intuition	L344	COMBO	S
O4702	47	New-sense generator and perceptual resolution (§22, §56)	Base-rate sense	percentages hide populations	always convert to counts of 1,000 until counts are the default mental image	natural frequencies (Gigerenzer)	percentages dominate	sees how rare a thing is	L	L	none	count-conversion speed	Natural frequencies	L343	KNOWN	S
O4703	47	New-sense generator and perceptual resolution (§22, §56)	Filter sense	data arrive pre-filtered	every data claim triggers 'what was filtered out?'	survivorship bias	not habitual	sees missing data	L	L	cynicism	selection items unaided	Same-shape detector	L019	KNOWN	S
O4704	47	New-sense generator and perceptual resolution (§22, §56)	Loop sense	delays hide causation	see stock, flow and delay in any system description	system dynamics	linear causation taught	predicts oscillation	L	L	seeing loops everywhere	loop items in new domains	Explorable model as the unit	L041	KNOWN	S
O4705	47	New-sense generator and perceptual resolution (§22, §56)	Constraint sense	effort spent everywhere	see the slowest box in any flow	Theory of Constraints	optimising parts taught	effort where it counts	L	L	static view	bottleneck items unaided	Three-boxes drill	O4301	KNOWN	S
O4706	47	New-sense generator and perceptual resolution (§22, §56)	Order-of-magnitude sense	numbers without scale	estimate every number to a power of ten before seeing it	Fermi estimation	exact answers rewarded	spots absurd claims	L	L	false confidence	log-error of estimates over time	Orders of magnitude; Fermi estimates	L342 L192	KNOWN	M:Orders of magnitude
O4707	47	New-sense generator and perceptual resolution (§22, §56)	Clutter sense	decoration taxes attention	blind comparisons until clutter is noticed at a glance	perceptual learning	taste untrained	clean work	L	L	minimalism dogma	blind pair accuracy	Paired taste tasks	L235	COMBO	S
O4708	47	New-sense generator and perceptual resolution (§22, §56)	Incentive sense	rules produce behaviour	for any rule, see what it rewards	mechanism design	rules seen as intentions	predicts gaming	L	L	cynicism	proxy items in new domains	Incentive audit of the app	L276	KNOWN	S
O4709	47	New-sense generator and perceptual resolution (§22, §56)	Uncertainty sense	point estimates hide spread	every prediction with a confidence; ranges before points	forecasting	single answers expected	calibrated judgment	L	L	paralysis	calibration curve	Confidence on every answer	L007	KNOWN	S
O4710	47	New-sense generator and perceptual resolution (§22, §56)	Time-inconsistency sense	the future self is invisible	see when a choice pits now against later	behavioural economics	willpower framing	designs constraints	L	L	none	commitment items unaided	Implementation intentions	L300	KNOWN	S
O4711	47	New-sense generator and perceptual resolution (§22, §56)	Perceptual resolution drills	experts see differences novices can't	many fast pair judgments with feedback in one narrow domain	perceptual learning modules (Kellman)	explanation-heavy teaching	finer discrimination	M	M	narrow transfer	discrimination accuracy on new pairs	Perceptual category learning	L197	KNOWN	M:Perceptual category learning
O4712	47	New-sense generator and perceptual resolution (§22, §56)	Resolution ladder	fine distinctions come in order	pairs ordered from easy to near-identical	psychophysics staircases	not graded by difficulty	efficient training	L	M	boredom	threshold estimates	Perceptual resolution drills	O4711	KNOWN	S
O4713	47	New-sense generator and perceptual resolution (§22, §56)	Sense decay check	a trained sense may fade	unaided sense items at 30 and 90 days	retention testing	not checked	senses kept real	L	L	none	decay curves	Delayed proof	L004	KNOWN	S
O4714	47	New-sense generator and perceptual resolution (§22, §56)	Sense transfer map	a sense learned in one domain	the same sense tested in three domains	transfer research	domain-bound	portable perception	L	M	items unequal	cross-domain accuracy	Domain distance score	L016	COMBO	S
O4715	47	New-sense generator and perceptual resolution (§22, §56)	Synthetic sense devices	perception extended by instruments	sensory-substitution hardware	sensory substitution (Bach-y-Rita)	—	—	H	H	cost; outside scope	—	Wearable triggers	L437	KNOWN	R:SCOPE
O4716	47	New-sense generator and perceptual resolution (§22, §56)	Colour-coded thinking	senses via colour	colour every concept type	colour coding	—	—	L	L	decoration, no evidence	—	No seductive details	L306	KNOWN	R:SLOP
O4717	47	New-sense generator and perceptual resolution (§22, §56)	Sense naming	a sense unnamed is not used	each new sense gets a short name and sticky line	labels help category use	not named	retrievable perception	L	L	labels without skill	use of the name in later forges	Egyptian-Arabic sticky line	O4303	COMBO	S
O4718	47	New-sense generator and perceptual resolution (§22, §56)	Blind-spot sense	we don't see what we don't see	items where the right move is noticing missing information	missing-data problems	not trained	asks for what isn't there	L	L	paranoia	missing-information items	Filter sense	O4703	COMBO	S
O4719	47	New-sense generator and perceptual resolution (§22, §56)	Sense stacking	senses combine	items needing two senses at once (filter + base rate)	sensor fusion	separate lessons	richer perception	L	M	too hard early	stacked items after both senses pass	Compound capabilities	O4605	COMBO	S
O4720	47	New-sense generator and perceptual resolution (§22, §56)	Sense-of-scale images	big numbers are abstract	one image per scale (a city of 10,000 houses, 315 dead) drawn from counts	unit visualisation	numbers only	felt magnitude	L	L	misleading images	estimates after vs before	Base-rate sense	O4702	COMBO	S
O4801	48	Representation singularity, breeding and new media (§23–§25)	Representation per cause	one representation for all confusions	the representation shown depends on the x-ray cause chosen	aptitude–treatment interaction (with caution)	one textbook picture	right picture for the right gap	L	M	weak ATI evidence	post-switch accuracy by cause	Cause-typed repair router	O4312	COMBO	S
O4802	48	Representation singularity, breeding and new media (§23–§25)	Representation fitness	representations judged by taste	fitness = next delayed success after the representation was shown	evolutionary fitness	never measured	evidence-based pictures	L	M	small n	fitness with n shown	Fitness = delayed transfer	L081	KNOWN	M:Fitness = delayed transfer
O4803	48	Representation singularity, breeding and new media (§23–§25)	Representation crossover	good parts in different pictures	combine the axis of one chart with the annotation of another, test the child	genetic crossover	designers don't test	better pictures	M	M	incoherent hybrids	child fitness vs parents	Representation tournament	L079	COMBO	S
O4804	48	Representation singularity, breeding and new media (§23–§25)	Counts-first images	probability pictures mislead	icon arrays by default for risk	icon arrays (Galesic et al.)	percent bars	correct risk reading	L	L	none	risk items after icon arrays	Natural frequencies	L343	KNOWN	S
O4805	48	Representation singularity, breeding and new media (§23–§25)	Explorable over static	static diagrams hide dynamics	each primitive has one model with sliders whose readout is numeric	explorable explanations (Victor)	print legacy	dynamics felt	M	M	play without learning	model step followed by a prediction	Explorable model as the unit	L041	KNOWN	S
O4806	48	Representation singularity, breeding and new media (§23–§25)	Model with a question	sliders invite aimless play	every model states two things to find	guided discovery	open sandboxes	directed exploration	L	L	over-guiding	find-task completion	Explorable over static	O4805	KNOWN	S
O4807	48	Representation singularity, breeding and new media (§23–§25)	Same data, two charts	chart choice is invisible	blind pairs of charts from the same numbers	graphical perception (Cleveland & McGill 1984)	charts taught as software	judges representations	L	L	rule worship	chart-pair items	Paired taste tasks	L235	COMBO	S
O4808	48	Representation singularity, breeding and new media (§23–§25)	Narrative representation	some ideas stick as stories	the same mechanism as a 60-second story with a scene	narrative transportation	stories seen as soft	memorable anchor	L	L	story overriding evidence	story rep fitness	Story → model → story	L228	KNOWN	S
O4809	48	Representation singularity, breeding and new media (§23–§25)	Counterexample representation	definitions don't show edges	a near-miss that is not the concept	near-miss learning (Winston)	only positive examples	sharp boundaries	L	L	confusion	boundary items	Counterexample hunting	L346	KNOWN	S
O4810	48	Representation singularity, breeding and new media (§23–§25)	Numbers representation	words hide magnitudes	a row of computed numbers (1, 2, 4, 8…)	worked numbers	prose	concrete magnitudes	L	L	none	rep fitness	Counts-first images	O4804	KNOWN	S
O4811	48	Representation singularity, breeding and new media (§23–§25)	Phone-first figures	figures unreadable on phones	360-unit canvases, labels ≥ 10 px at 360 px, tested for clipping and collisions	responsive design	print-first figures	figures readable where the learner reads	L	L	cramped layouts	test R34	44 px targets	L419	KNOWN	S
O4812	48	Representation singularity, breeding and new media (§23–§25)	Representation retirement	stale pictures persist	a representation that never precedes success in n ≥ 20 is retired	apoptosis	never pruned	lean content	L	L	premature pruning	retired reps' fitness	Apoptosis of representations	L067	KNOWN	M:Apoptosis of representations
O4813	48	Representation singularity, breeding and new media (§23–§25)	New-medium probe	some ideas need a medium that doesn't exist	for each primitive ask which interaction (drag, toggle, count, sort) would show it best; build the one that doesn't exist yet	HCI design research	media fixed by format	invented interactions	M	H	gimmicks	fitness vs existing reps	Explorable over static	O4805	UNCLEAR	S
O4814	48	Representation singularity, breeding and new media (§23–§25)	Sort-to-understand	classification is passive	drag cases into mechanism bins	card sorting	rarely used	active categorisation	M	M	drag on phones is fiddly	sort accuracy; phone usability	Same-shape detector	L019	KNOWN	S
O4815	48	Representation singularity, breeding and new media (§23–§25)	Toggle-a-mechanism board	causes seem tangled	toggle mechanisms and watch which observations get explained	hypothesis testers	static tables	sees explanatory power	L	M	none	used in falsify and boss sessions	Hypothesis tester	L184	COMBO	S
O4816	48	Representation singularity, breeding and new media (§23–§25)	Blind panel pairs	authority biases judgment	compare two unlabelled versions before any author is named	blind review	canon shown with names	taste without prestige	L	L	none	taste items	Paired taste tasks	L235	COMBO	S
O4817	48	Representation singularity, breeding and new media (§23–§25)	VR mechanisms	immersion	virtual-reality models	VR	—	—	H	H	cost; no evidence of benefit here	—	AR loops	L430	KNOWN	R:COST
O4818	48	Representation singularity, breeding and new media (§23–§25)	Generated illustrations	pictures on demand	image-generator pictures	generative images	—	—	L	M	wrong details, slop	—	Generated images	L442	KNOWN	R:SLOP
O4819	48	Representation singularity, breeding and new media (§23–§25)	Representation genealogy	why is this picture used?	each figure records its source numbers and design choice	figure provenance	hidden	trust	L	L	none	figures drawn from data (audit)	Primary-number rule	O4201	COMBO	S
O4820	48	Representation singularity, breeding and new media (§23–§25)	Dual-channel pairing	text and picture compete	picture plus two short lines, never paragraphs on the picture	multimedia principles (Mayer)	cluttered slides	less split attention	L	L	none	text per figure budget	Phone-first figures	O4811	KNOWN	S
O4901	49	Prerequisite annihilation, wormholes, difficulty arbitrage, zip bombs (§26–§30)	One-missing-step entry	prerequisite chains block ideas	enter an advanced idea with only the one missing step supplied on demand	just-in-time scaffolding	linear prerequisites	years saved	L	M	fragile understanding	delayed transfer vs prerequisite-first	Discovered prerequisites	L033	COMBO	S
O4902	49	Prerequisite annihilation, wormholes, difficulty arbitrage, zip bombs (§26–§30)	Wormhole cases	ideas locked in far fields	one case that jumps from a known field to a new one (shower → central banks)	analogical transfer	fields sealed	fast entry	L	L	shallow analogies	far-transfer item after the wormhole	Name-collision map	O4509	COMBO	S
O4903	49	Prerequisite annihilation, wormholes, difficulty arbitrage, zip bombs (§26–§30)	Difficulty arbitrage	some hard-looking ideas are cheap	rank ideas by value ÷ minutes and teach underpriced ones first	arbitrage	prestige orders syllabi	high yield early	L	M	mis-estimated value	value/minute estimates vs outcomes	Domain entry cost	O4518	UNCLEAR	S
O4904	49	Prerequisite annihilation, wormholes, difficulty arbitrage, zip bombs (§26–§30)	Conceptual zip bomb	one idea unpacks into many	teach the generator (e.g., selection) and let cases unpack it	generative models	cases taught one by one	many cases for the price of one	L	L	over-generalisation	unseen-case accuracy	Capability as the unit	L001	COMBO	S
O4905	49	Prerequisite annihilation, wormholes, difficulty arbitrage, zip bombs (§26–§30)	Minimum formal core	maths blocks ideas	the formula appears only in GO DEEPER; the core uses counts and pictures	concreteness fading	formula-first	access without the gate	L	L	shallow if the formal layer never comes	formal item accuracy for those who open it	Formalism on request	L350	KNOWN	M:Formalism on request
O4906	49	Prerequisite annihilation, wormholes, difficulty arbitrage, zip bombs (§26–§30)	Borrowed intuition	new domains feel alien	import an intuition from a mastered domain with its breaking point	analogy	not deliberate	fast start	L	L	wrong transfer	analogy-break items	Analogy with a breaking point	O4309	COMBO	S
O4907	49	Prerequisite annihilation, wormholes, difficulty arbitrage, zip bombs (§26–§30)	Reverse prerequisite	learners stop at basics	start from the application and pull prerequisites only as needed	top-down learning	bottom-up curricula	motivated basics	L	M	gaps	gap detection via x-ray	One-missing-step entry	O4901	KNOWN	S
O4908	49	Prerequisite annihilation, wormholes, difficulty arbitrage, zip bombs (§26–§30)	Difficulty honesty label	learners misjudge effort	each session shows its minutes and why	honest pricing	hidden effort	trust	L	L	none	minutes vs actual	Minutes-owed inversion	O4101	KNOWN	S
O4909	49	Prerequisite annihilation, wormholes, difficulty arbitrage, zip bombs (§26–§30)	Hard-core preview	hard parts ambush learners	the hardest step is named at the start	advance organisers (Ausubel)	not flagged	prepared attention	L	L	anxiety	completion rates	Paced reveal	O4206	KNOWN	S
O4910	49	Prerequisite annihilation, wormholes, difficulty arbitrage, zip bombs (§26–§30)	Compression ratio per idea	ideas differ in how much they unlock	estimate cases explained per minute taught	information theory	not measured	priority by leverage	L	M	rough estimates	rank vs later use	Conceptual zip bomb	O4904	UNCLEAR	S
O4911	49	Prerequisite annihilation, wormholes, difficulty arbitrage, zip bombs (§26–§30)	Cross-domain wormhole list	which pairs of fields share structure?	a verified list of field pairs sharing a mechanism, each with a case	structure-mapping theory	no list	planned transfer	M	M	false pairs	each pair has a sourced case	Wormhole cases	O4902	COMBO	S
O4912	49	Prerequisite annihilation, wormholes, difficulty arbitrage, zip bombs (§26–§30)	Prerequisite annihilation audit	stated prerequisites vs real ones	for each session, remove a stated prerequisite and see if outcomes drop	ablation	never tested	shorter paths	L	M	small n	within-person comparison	Prerequisite honesty	O4112	COMBO	S
O4913	49	Prerequisite annihilation, wormholes, difficulty arbitrage, zip bombs (§26–§30)	Ladder of distance	transfer too far too soon fails	near → middle → far → alien within a session	analogical distance ladder	no ordering	reliable transfer	L	L	slow	accuracy by distance	Analogical distance ladder	L322	KNOWN	M:Analogical distance ladder
O4914	49	Prerequisite annihilation, wormholes, difficulty arbitrage, zip bombs (§26–§30)	Dense-idea detector	some explanations try to do too much	steps with > 2 new ideas are split at build time	cognitive load	authors don't count	digestible steps	L	L	over-splitting	build-time check	Complexity meter	O4319	COMBO	S
O4915	49	Prerequisite annihilation, wormholes, difficulty arbitrage, zip bombs (§26–§30)	Speed-reading for concepts	faster intake	speed-reading training	speed reading	—	—	M	L	comprehension loss (Rayner et al. 2016)	—	Brain training	L336	KNOWN	R:EVID
O4916	49	Prerequisite annihilation, wormholes, difficulty arbitrage, zip bombs (§26–§30)	Skip all basics	fast entry	never teach basics	unschooling extremes	—	—	L	L	collapse on hard items	—	One-missing-step entry	O4901	KNOWN	R:EVID
O4917	49	Prerequisite annihilation, wormholes, difficulty arbitrage, zip bombs (§26–§30)	Prerequisite map on demand	what does this rest on?	WHY THIS? can show the one or two ideas this step rests on	dependency graphs	not visible	self-directed repair	L	M	clutter	opened on demand only	Missing-step bridge	O4311	COMBO	S
O4918	49	Prerequisite annihilation, wormholes, difficulty arbitrage, zip bombs (§26–§30)	Expert shortcut harvest	experts skip steps novices must take	record which steps experts skip and teach the skip explicitly	expertise research	not harvested	faster routes	M	M	unsafe shortcuts	shortcut items	Expert think-alouds	L200	COMBO	S
O4919	49	Prerequisite annihilation, wormholes, difficulty arbitrage, zip bombs (§26–§30)	Underpriced-idea list	valuable ideas are ignored because they look hard	a maintained list of ideas with high value per minute	value investing	prestige pricing	yield	L	L	bias in valuation	list vs outcomes	Difficulty arbitrage	O4903	COMBO	M:Difficulty arbitrage
O4920	49	Prerequisite annihilation, wormholes, difficulty arbitrage, zip bombs (§26–§30)	Wormhole decay check	analogy-based entry may not last	delayed hooks on wormhole-entered ideas vs normal entry	retention testing	not checked	evidence on shortcuts	L	L	small n	compare delayed accuracy	Wormhole cases	O4902	COMBO	S
O5001	50	Anti-specialization and polymath compiler (§31–§32)	Primitive-first polymathy	polymaths are rare because fields are taught separately	teach mechanisms that cross fields, then show each in several fields	many-model thinking	departments	breadth with depth in mechanisms	L	M	superficial breadth	far transfer across fields	Mechanism-indexed map	L014	COMBO	S
O5002	50	Anti-specialization and polymath compiler (§31–§32)	Field rotation by mechanism	same field too long	consecutive sessions come from different fields but related mechanisms	interleaving	blocked courses	flexible knowledge	L	L	context switching cost	interleaved vs blocked delayed accuracy	Interleaved categories	L319	KNOWN	S
O5003	50	Anti-specialization and polymath compiler (§31–§32)	Specialization alarm	time drifts to one field	if 80% of the last 20 sessions share a field, the next comes from elsewhere	portfolio limits	no monitor	breadth protected	L	L	forced variety	field distribution	Field rotation by mechanism	O5002	UNCLEAR	S
O5004	50	Anti-specialization and polymath compiler (§31–§32)	Polymath theater detector	breadth faked by name-dropping	far-transfer items must be solved, not recognised	assessment design	trivia rewarded	real breadth	L	L	none	recall vs transfer ratio	Explanation supremacy rule	O6006	COMBO	S
O5005	50	Anti-specialization and polymath compiler (§31–§32)	Medicine as a mechanism donor	medicine is siloed from other ideas	every primitive shows one medical case	clinical reasoning research	medicine taught alone	cross-feed with the main life	L	M	medical errors in content	medical items audited	Primitives inside medicine	L064	COMBO	M:Primitives inside medicine
O5006	50	Anti-specialization and polymath compiler (§31–§32)	Founder work as a donor	founder lessons stay local	every primitive shows one company case	business cases	separate worlds	relevance	L	M	anecdote	founder items	Founder + Goodhart	L463	COMBO	S
O5007	50	Anti-specialization and polymath compiler (§31–§32)	Art and science pairing	art and science separated	one mechanism shown in a painting or piece of music and in data	liberal arts	departments	whole-mind view	M	M	forced links	pair quality review	Taste + mechanism	L457	COMBO	S
O5008	50	Anti-specialization and polymath compiler (§31–§32)	Depth anchor	breadth without depth	one domain (medicine) kept deep; others as mechanism breadth	T-shaped skills	either/or	a base plus reach	L	L	none	medicine untouched by the organ	Donor-organ architecture	L491	KNOWN	S
O5009	50	Anti-specialization and polymath compiler (§31–§32)	Cross-field boss problems	fields tested separately	boss worlds require mechanisms from three fields	integrative assessment	exams per subject	integration	M	M	hard to author	boss accuracy	Multi-primitive boss problems	L210	COMBO	S
O5010	50	Anti-specialization and polymath compiler (§31–§32)	Vocabulary bridges	each field's jargon walls it off	one line mapping a term to its twin in another field	translation	no bridge	entry cost reduced	L	L	false equivalence	bridge accuracy	Name-collision map	O4509	COMBO	S
O5011	50	Anti-specialization and polymath compiler (§31–§32)	Expert-disagreement tour	fields hide their disputes	one real dispute per field with both sides graded	controversy mapping	consensus only	judgment	M	M	bias	dispute items	Expert disagreement finder	L474	KNOWN	S
O5012	50	Anti-specialization and polymath compiler (§31–§32)	Field entry speed log	how fast can he enter a field?	minutes to first far transfer in each new field	learning curves	untracked	measures polymath growth	L	L	small n	series over years	Domain entry cost	O4518	COMBO	S
O5013	50	Anti-specialization and polymath compiler (§31–§32)	Minimum viable fluency	how much of a field is enough?	define per field the three abilities that mark entry	competency frameworks	degrees are all or nothing	bounded goals	L	M	arbitrary thresholds	entry abilities pass rates	Domain entry kit	O4506	COMBO	S
O5014	50	Anti-specialization and polymath compiler (§31–§32)	Degree-per-year plan	credential polymathy	a formal degree per field	degrees	—	—	H	H	time, cost, scope	—	Unbundled credential	O4106	KNOWN	R:SCOPE
O5015	50	Anti-specialization and polymath compiler (§31–§32)	Great-books marathon	canon breadth	read the whole canon	great books programmes	—	—	H	L	time, backlog	—	Whole treatises	L364	KNOWN	R:COST
O5016	50	Anti-specialization and polymath compiler (§31–§32)	Mechanism passport	which fields has an idea been used in?	per primitive, list fields where the learner used it (verified)	passport stamps	not tracked	sees reach	L	L	stamp collecting	only verified uses counted	Verified pairs P(t)	O6301	COMBO	S
O5017	50	Anti-specialization and polymath compiler (§31–§32)	Adjacent field suggestion	what next?	next field chosen by overlap with mechanisms already owned	adjacent possible	arbitrary order	cheap expansion	L	M	narrowing	entry cost of suggested fields	Adjacent-possible map	L472	KNOWN	M:Adjacent-possible map
O5018	50	Anti-specialization and polymath compiler (§31–§32)	Anti-specialization in hooks	hooks from one field	hooks drawn from different fields each day	interleaving	same-field review	breadth kept	L	L	none	hook field distribution	Interleaved categories	L319	KNOWN	S
O5019	50	Anti-specialization and polymath compiler (§31–§32)	Polymath timeline	what did real polymaths do?	cases of polymaths' actual methods with sources	biography	myths	realistic models	L	M	great-man stories	grades on each claim	Great-man stories	L388	COMBO	R:TRUTH
O5020	50	Anti-specialization and polymath compiler (§31–§32)	Specialist-generalist switch	some problems need depth now	the organ steps aside entirely when medicine needs the time	priority scheduling	no yielding	life sovereignty	L	L	none	gate tests	Priority scheduler	L144	KNOWN	M:Priority scheduler
O5101	51	Intuition, possession, reenactment, counterfactuals, lost futures (§34–§38)	Possession mode	hindsight makes discoveries look obvious	the learner reasons inside an era's knowledge (London 1854: no germs, miasma dominant)	historical empathy	history taught from the answer	feels how problems look before answers	L	M	anachronism slipping in	prediction accuracy under period knowledge	Original-order replay	O4207	COMBO	S
O5102	51	Intuition, possession, reenactment, counterfactuals, lost futures (§34–§38)	Knowledge fence	modern knowledge leaks into possession	each possession scene lists what was not yet known	counterfactual history method	not marked	honest reasoning	L	L	incomplete fences	fence present (lint)	Possession mode	O5101	UNCLEAR	S
O5103	51	Intuition, possession, reenactment, counterfactuals, lost futures (§34–§38)	Decisive-question reenactment	discoveries are told as results	the learner picks the question the discoverer asked, among plausible others	discovery reenactment	result-first	trains inquiry	L	M	hindsight bias in options	question items in unseen history	Discovery reenactment	L183	COMBO	S
O5104	51	Intuition, possession, reenactment, counterfactuals, lost futures (§34–§38)	Post-hoc nuance step	famous stories overclaim	each famous story gets the correction (the pump handle came after the decline)	historiography	myths repeated	respect for evidence	L	L	deflating wonder	post-hoc items	Myth checks as twists	L226	COMBO	S
O5105	51	Intuition, possession, reenactment, counterfactuals, lost futures (§34–§38)	Intuition from many cases	intuition can't be told	20+ fast cases with feedback in one mechanism	recognition-primed decisions (Klein)	few examples	fast recognition	M	M	narrow	speed and accuracy on new cases	Many cases with feedback	L196	KNOWN	M:Many cases with feedback
O5106	51	Intuition, possession, reenactment, counterfactuals, lost futures (§34–§38)	Intuition audit	intuition may be wrong	fast answer first, then the slow check, logged separately	dual-process research	not separated	knows when to trust the gut	L	L	none	fast vs slow agreement	Calibration curve	L443	COMBO	S
O5107	51	Intuition, possession, reenactment, counterfactuals, lost futures (§34–§38)	Counterfactual civilization	history seems inevitable	change one fact (no printing press) and predict three consequences from fixed options	counterfactual history	rarely done	causal thinking about history	L	M	speculation as fact	options graded by historians' arguments	Counterfactual tasks	L379	KNOWN	S
O5108	51	Intuition, possession, reenactment, counterfactuals, lost futures (§34–§38)	Lost-futures case	roads not taken vanish	a technology or idea that almost won, why it lost, what it tells us	history of technology	winners only	judgment about contingency	L	M	romanticising losers	graded sources	Lost futures	L384	KNOWN	M:Lost futures
O5109	51	Intuition, possession, reenactment, counterfactuals, lost futures (§34–§38)	Discoverer's wrong turn	discoverers seem infallible	include the wrong hypothesis the discoverer held	history of science	cleaned-up narratives	realistic model of discovery	L	M	none	items on the wrong turn	Dead-end museum	O4505	COMBO	S
O5110	51	Intuition, possession, reenactment, counterfactuals, lost futures (§34–§38)	Primary-data puzzle	reenactment without data is theatre	the learner gets the original numbers and must find the pattern	inquiry with archives	summaries	real reasoning	M	M	data errors	provenance per number	Archive data	L380	KNOWN	S
O5111	51	Intuition, possession, reenactment, counterfactuals, lost futures (§34–§38)	Two-era contrast	same mechanism, different centuries	a contrast pair across eras (Vienna 1846 vs London 1854)	comparative history	one era at a time	structure over surface	L	L	none	contrast items	Case contrast as the unit	L042	KNOWN	S
O5112	51	Intuition, possession, reenactment, counterfactuals, lost futures (§34–§38)	Future possession	the future feels unreal	reason inside a plausible 2040 briefing with stated assumptions	scenario planning	futures untaught	prepared imagination	M	M	speculation as prediction	assumptions stated; no facts claimed	Counterfactual civilization	O5107	COMBO	S
O5113	51	Intuition, possession, reenactment, counterfactuals, lost futures (§34–§38)	Simulated historical interview	vivid history	chat with a simulated historical figure	role-play bots	—	—	L	M	fabricated words	—	Simulated historical interviews	L432	KNOWN	R:TRUTH
O5114	51	Intuition, possession, reenactment, counterfactuals, lost futures (§34–§38)	Intuition pumps with limits	thought experiments mislead	each thought experiment states where it fails	Dennett's intuition pumps	presented as proofs	honest intuition	L	L	none	limit present (lint)	Thought experiments as models	L355	COMBO	S
O5115	51	Intuition, possession, reenactment, counterfactuals, lost futures (§34–§38)	Contingency scoring	how likely was the outcome?	learner estimates the probability of the real outcome before learning it	forecasting	not asked	calibrated sense of history	L	L	none	Brier on historical items	Committed bets	L209	COMBO	S
O5116	51	Intuition, possession, reenactment, counterfactuals, lost futures (§34–§38)	Discovery speedrun	how long would it take you?	learner races to the discovery with fixed clues	puzzle games	—	fun	L	M	trivialises	—	Speedruns	L212	KNOWN	R:SLOP
O5117	51	Intuition, possession, reenactment, counterfactuals, lost futures (§34–§38)	Period vocabulary	old words confuse	period terms (miasma) get the three-layer card	glossing	unexplained	comprehension	L	L	none	term opens	Egyptian-Arabic sticky line	O4303	KNOWN	S
O5118	51	Intuition, possession, reenactment, counterfactuals, lost futures (§34–§38)	Intuition synthesizer	intuition takes years	compress years of cases into a structured sequence ordered by contrast	deliberate practice	random exposure	faster intuition	M	H	unrepresentative cases	new-case accuracy vs time	Intuition from many cases	O5105	COMBO	S
O5119	51	Intuition, possession, reenactment, counterfactuals, lost futures (§34–§38)	Era-appropriate evidence	modern standards applied to old evidence	grade old evidence by its time's standards and ours, both shown	historiography	not distinguished	fair judgment	L	M	confusion	both grades present	Knowledge fence	O5102	UNCLEAR	S
O5120	51	Intuition, possession, reenactment, counterfactuals, lost futures (§34–§38)	Reenactment with the learner's life	history feels far	the forge maps the historical move to a current problem	transfer	no bridge	relevance	L	L	forced parallels	reality taps after reenactments	Life-as-lab forge	L054	COMBO	S
O5201	52	Alien curriculum, unknown concepts, dark matter (§39–§40, §76, §78)	Unlabelled boss world	real problems never say which chapter they're from	a world with symptoms and no session names; the learner picks mechanisms	transfer assessment	chapter-labelled exercises	orientation in unknown domains	M	M	hard authoring	unlabelled-item accuracy trend	Multi-primitive boss problems	L210	COMBO	S
O5202	52	Alien curriculum, unknown concepts, dark matter (§39–§40, §76, §78)	Alien domain monthly	domains untouched by any session	every 4th week, one short problem from an untaught domain	far transfer research	never tested	measures generalisation	L	M	item difficulty varies	alien-problem delta	Unlabelled boss world	O5201	COMBO	S
O5203	52	Alien curriculum, unknown concepts, dark matter (§39–§40, §76, §78)	Unknown-concept generator	some concepts don't exist yet	combine two primitives into an unnamed concept and ask whether it predicts something new	concept formation	concepts arrive named	concept invention	M	M	nonsense concepts	concept must predict an item	Conceptual zip bomb	O4904	UNCLEAR	S
O5204	52	Alien curriculum, unknown concepts, dark matter (§39–§40, §76, §78)	Unknown-unknown probe	you don't know what you don't know	items where the key move is naming the missing variable	missing-variable problems	not trained	asks the unasked	L	L	none	missing-variable items	Blind-spot sense	O4718	COMBO	S
O5205	52	Alien curriculum, unknown concepts, dark matter (§39–§40, §76, §78)	Dark-matter detector	unexplained successes and failures	log items where predicted and actual accuracy disagree strongly; cluster them	residual analysis	not analysed	finds hidden variables in learning	L	M	noise	clusters predict next residuals	Dark-matter atoms	O4609	COMBO	S
O5206	52	Alien curriculum, unknown concepts, dark matter (§39–§40, §76, §78)	Alien vocabulary	real domains have their own words	alien problems use the domain's real terms with human layers on tap	immersion	sanitised problems	realistic entry	L	L	overload	term opens per alien item	Cause-typed repair router	O4312	COMBO	S
O5207	52	Alien curriculum, unknown concepts, dark matter (§39–§40, §76, §78)	No-hint rule for alien items	help turns alien into familiar	alien items disable SHOW ME DIFFERENTLY and the x-ray	unaided testing	hints everywhere	honest measurement	L	L	frustration	hint use = 0 on alien items	Unaided hooks	O6001	COMBO	S
O5208	52	Alien curriculum, unknown concepts, dark matter (§39–§40, §76, §78)	Alien curriculum generator	curricula come from known fields	generate a season from an unfamiliar donor (mycology, maritime law) via mechanism extraction	curriculum design	fields by tradition	breadth beyond the canon	M	H	shallow content	season must pass the linter and provenance	Mechanism extraction	O4501	UNCLEAR	S
O5209	52	Alien curriculum, unknown concepts, dark matter (§39–§40, §76, §78)	Unknown-concept naming	a new concept needs a name	the learner chooses among names for a new combination; the best name predicts use	naming research	names imposed	ownership	L	L	trivial	name reuse in forges	Sense naming	O4717	UNCLEAR	S
O5210	52	Alien curriculum, unknown concepts, dark matter (§39–§40, §76, §78)	Alien reality tap	does alien reasoning leave the app?	after alien items, a tap for encountering a new domain problem in life	experience sampling	not asked	real generalisation signal	L	L	self-report	tap trend	Reality taps	L494	COMBO	S
O5211	52	Alien curriculum, unknown concepts, dark matter (§39–§40, §76, §78)	Random field drop	comfort zone	a random field each week	random exploration	—	novelty	L	L	noise without structure	—	Random primitive draws	L470	KNOWN	R:DUP
O5212	52	Alien curriculum, unknown concepts, dark matter (§39–§40, §76, §78)	Domain-agnostic structure hints	how to start in any domain	a fixed opening: what flows, what's measured, what's rewarded, what's delayed	checklists	not taught	reliable first moves	L	L	rigidity	orientation time in alien items	Domain entry kit	O4506	COMBO	S
O5213	52	Alien curriculum, unknown concepts, dark matter (§39–§40, §76, §78)	Alien item difficulty calibration	alien items differ in difficulty	pilot items on the simulated-learner harness and on later cohorts	item response theory	not calibrated	fair trend	M	M	one learner	difficulty estimates stable	Simulated learners	L506	COMBO	S
O5214	52	Alien curriculum, unknown concepts, dark matter (§39–§40, §76, §78)	Unknown-unknown vault	hunches about unknown areas	store questions the learner can't place in any field	research notebooks	lost	raw material for new seasons	L	L	backlog	no counter (test)	Counterless question vault	O4316	COMBO	M:Counterless question vault
O5215	52	Alien curriculum, unknown concepts, dark matter (§39–§40, §76, §78)	Dark-matter interviews	learner's own sense of gaps	fixed-option survey about where he feels lost	self-report	not asked	cheap signal	L	L	noise	compare with residuals	Blind-spot survey	L479	KNOWN	M:Blind-spot survey
O5216	52	Alien curriculum, unknown concepts, dark matter (§39–§40, §76, §78)	Alien pairs	two unfamiliar domains at once	a pair of alien cases sharing structure	analogical encoding	never paired	structure from unfamiliar surfaces	L	M	too hard	pair accuracy	Same-shape detector	L019	COMBO	S
O5217	52	Alien curriculum, unknown concepts, dark matter (§39–§40, §76, §78)	Field-blind item bank	items reveal their field	items rewritten to remove field cues	blinding	cues everywhere	true recognition	L	M	unnatural items	cue-stripped vs cued accuracy	Unlabelled boss world	O5201	COMBO	S
O5218	52	Alien curriculum, unknown concepts, dark matter (§39–§40, §76, §78)	Alien-first sessions	sessions start in the known	occasionally open a session with an alien case, teach after	productive failure (Kapur)	known-first	stronger schema	L	M	frustration	post-teaching transfer	Failure-first	L050	KNOWN	S
O5219	52	Alien curriculum, unknown concepts, dark matter (§39–§40, §76, §78)	Unknown concept tournament	which invented concepts are useful?	concepts compete on predicting new items	tournaments	no selection	only useful concepts survive	L	M	overfitting	concept prediction accuracy	Unknown-concept generator	O5203	UNCLEAR	S
O5220	52	Alien curriculum, unknown concepts, dark matter (§39–§40, §76, §78)	Infinite alien feed	endless variety	generate alien problems continuously	procedural generation	—	—	L	M	fabrication, backlog	—	Encyclopedia autocompile	O4515	KNOWN	R:TRUTH
O5301	53	Great questions and question singularity (§41–§42)	Question value test	questions judged by how deep they sound	a question is worth asking if unknown, decision-changing and consequential	value of information	questions ungraded	better questions	L	L	killing curiosity for its own sake (limit stated)	question items	Decisive-question pick	O4302	KNOWN	S
O5302	53	Great questions and question singularity (§41–§42)	Halving question	search wastes questions	choose the question that splits possibilities in half	information theory	not taught	efficient search	L	L	none	20-questions items	Information-gain item choice	L105	KNOWN	S
O5303	53	Great questions and question singularity (§41–§42)	Question from a surprise	surprises wasted	every confident miss yields a question: what would have predicted this?	abductive reasoning	not practised	questions grounded in data	L	L	none	question quality after misses	Wrongness as tuition	O4108	COMBO	S
O5304	53	Great questions and question singularity (§41–§42)	Question lineage cards	great questions have histories	trace a question through the answers it produced	history of science	answers taught, not questions	understanding of inquiry	L	M	none	items on genealogy	Question genealogy	L025	KNOWN	M:Question genealogy
O5305	53	Great questions and question singularity (§41–§42)	Crux finder	disagreements drag on	find the one fact that would change both sides' minds	double-crux (CFAR)	debate rewards winning	productive disagreement	L	L	none	crux items	Decisive-question pick	O4302	KNOWN	S
O5306	53	Great questions and question singularity (§41–§42)	Question quality ladder	questions improve slowly	rewrite a vague question into a testable one in steps from fixed options	operationalisation	not taught	testable questions	L	L	none	ladder items	Question value test	O5301	COMBO	S
O5307	53	Great questions and question singularity (§41–§42)	Great-question door	the door must pull	each session's door is a real question with a surprising answer	curiosity gap (Loewenstein)	titles instead of questions	motivated start	L	L	clickbait	door questions linted for honesty	Question, not topic	L009	KNOWN	M:Question, not topic
O5308	53	Great questions and question singularity (§41–§42)	Question-to-experiment	questions stay abstract	each good question becomes a cheapest test	experimental design	no bridge	action	L	L	none	forge includes a test	Forge from graded parts	O4306	COMBO	S
O5309	53	Great questions and question singularity (§41–§42)	Unaskable question detector	some questions can't be answered with any data	items classifying questions as answerable, not yet, never	philosophy of science	not taught	saves effort	L	L	none	classification items	Question value test	O5301	COMBO	S
O5310	53	Great questions and question singularity (§41–§42)	Question singularity metric	is he asking better questions over time?	share of committed question choices that match the expert key, over months	trend analysis	not measured	measures inquiry growth	L	L	key disputes	trend with n	Question value test	O5301	UNCLEAR	S
O5311	53	Great questions and question singularity (§41–§42)	Question inheritance	questions die with sessions	a session's best question returns as a hook in another domain	spacing	not reused	portable inquiry	L	L	none	question hook accuracy	Hooks inside later sessions	L053	COMBO	S
O5312	53	Great questions and question singularity (§41–§42)	Question of the week	open-ended	weekly deep question to ponder	journaling prompts	—	—	M	L	thinking tax, backlog	—	Reflection prompts	L455	KNOWN	R:TAX
O5313	53	Great questions and question singularity (§41–§42)	Socratic chatbot	questions from a machine	LLM asks Socratic questions	chatbots	—	—	L	M	open-ended, dependence	—	Socratic chatbots	L359	KNOWN	R:DUP
O5314	53	Great questions and question singularity (§41–§42)	Question budget per decision	too many questions delay decisions	stop asking when the next answer can't change the choice	optimal stopping	not taught	timely decisions	L	L	premature stopping	items at indifference	Question value test	O5301	COMBO	S
O5315	53	Great questions and question singularity (§41–§42)	Threshold before asking	answers reinterpreted after the fact	set the decision threshold before getting the answer	pre-registration	rarely done	honest decisions	L	L	none	forge includes a threshold	Pre-registration	L298	COMBO	S
O5316	53	Great questions and question singularity (§41–§42)	Expert question bank	experts' first questions are tacit	harvest the first question experts ask in a domain	cognitive task analysis	tacit	fast orientation	M	M	expert access	bank items	Expert shortcut harvest	O4918	COMBO	S
O5317	53	Great questions and question singularity (§41–§42)	Question mutation	one good question can spawn others	vary a question by scope, time, population	facet analysis	not practised	generative inquiry	L	L	none	mutation items	Question quality ladder	O5306	COMBO	S
O5318	53	Great questions and question singularity (§41–§42)	Decision diary with cruxes	real decisions unexamined	for real decisions, record the crux and threshold (fixed options)	decision journals	not done	life decisions improve	L	L	burden	diary completion and outcomes	Threshold before asking	O5315	COMBO	S
O5319	53	Great questions and question singularity (§41–§42)	Question aesthetics	some questions are beautiful	blind pairs of questions judged by stated criteria (simple, surprising, testable)	taste training	not considered	taste for inquiry	L	L	subjectivity	pair agreement with key	Blind panel pairs	O4816	UNCLEAR	S
O5320	53	Great questions and question singularity (§41–§42)	Question drought alarm	no questions asked for weeks	if the vault is untouched for a month, a session opens with a question-generation item	monitoring	none	curiosity maintained	L	L	nagging	no notification; in-session only	Counterless question vault	O4316	COMBO	S
O5401	54	Idea immune system, belief version control, calibration, contradiction (§43–§46)	Belief ledger	beliefs change silently	committed predictions stored: what was held, confidence, what replaced it	version control	no record of belief	visible belief change	L	L	rumination	revisions shown in WHY THIS?	Belief version control	L357	COMBO	S
O5402	54	Idea immune system, belief version control, calibration, contradiction (§43–§46)	Belief diff view	which beliefs changed?	WHY THIS? shows the last confident revisions	git diff	not shown	self-knowledge	L	L	clutter	shown on demand only	Belief ledger	O5401	COMBO	S
O5403	54	Idea immune system, belief version control, calibration, contradiction (§43–§46)	Idea antigen test	bad ideas enter unchecked	each new idea checked against: source, base rate, mechanism, incentive of the teller	immune recognition	credulity or cynicism	calibrated acceptance	L	L	none	checklist items	Evidence consensus	L171	COMBO	S
O5404	54	Idea immune system, belief version control, calibration, contradiction (§43–§46)	Inoculation cases	misinformation spreads	weakened versions of common manipulation techniques shown first	prebunking (van der Linden)	fact-check after the fact	resistance	L	M	none	technique-recognition items	Myth-busting with grades	L381	KNOWN	S
O5405	54	Idea immune system, belief version control, calibration, contradiction (§43–§46)	Autoimmunity guard	scepticism can attack good ideas	items where the right move is accepting strong evidence	immune tolerance	cynicism rewarded	balanced judgment	L	L	none	acceptance items accuracy	Idea antigen test	O5403	UNCLEAR	S
O5406	54	Idea immune system, belief version control, calibration, contradiction (§43–§46)	Calibration by confidence tier	confidence words are vague	SURE / THINK SO / GUESSING mapped to probabilities and scored (Brier)	proper scoring rules	confidence ignored	calibration	L	L	none	Brier over time	Proper scoring rule	L287	KNOWN	M:Proper scoring rule
O5407	54	Idea immune system, belief version control, calibration, contradiction (§43–§46)	Contradiction reactor	contradictions are avoided	two credible sources that disagree; learner finds the variable that reconciles them	dialectic	consensus presented	deeper models	L	M	false balance	reconciliation items	Historians' disputes	L385	COMBO	S
O5408	54	Idea immune system, belief version control, calibration, contradiction (§43–§46)	Reality calibration	beliefs about the world drift	periodic factual estimates (e.g., rates, magnitudes) scored against sources	Gapminder quizzes	not done	world model accuracy	L	M	trivia	estimate error over time	Order-of-magnitude sense	O4706	KNOWN	S
O5409	54	Idea immune system, belief version control, calibration, contradiction (§43–§46)	Belief dependency graph	one belief rests on others	beliefs linked to the sources and primitives they depend on	dependency graphs	invisible	cascade updates	M	M	complexity	cascade hooks	Belief recompile	O4513	COMBO	S
O5410	54	Idea immune system, belief version control, calibration, contradiction (§43–§46)	Steelman before rejection	ideas rejected as strawmen	choose the strongest version of a view before judging it	steelmanning	debate	fair judgment	L	L	none	steelman items	Steelmanning	L354	KNOWN	M:Steelmanning
O5411	54	Idea immune system, belief version control, calibration, contradiction (§43–§46)	Overconfidence alarm	sure answers wrong	if SURE accuracy falls below 80% in a window, the next session includes calibration items	control	not monitored	self-correcting confidence	L	L	none	SURE accuracy trend	Confidence gap alerts	L445	KNOWN	M:Confidence gap alerts
O5412	54	Idea immune system, belief version control, calibration, contradiction (§43–§46)	Belief half-life	old beliefs never revisited	beliefs older than their source's half-life return as hooks	cache expiry	not tracked	fresh beliefs	L	L	none	stale belief count	Half-life tags	O4512	COMBO	S
O5413	54	Idea immune system, belief version control, calibration, contradiction (§43–§46)	Ideological capture check	sessions may push a worldview	every contested topic shows the strongest opposing evidence	balance norms	slant unnoticed	fairness	L	M	false balance	audit of contested sessions	Fair contested positions	L363	KNOWN	S
O5414	54	Idea immune system, belief version control, calibration, contradiction (§43–§46)	Identity-safe revision	beliefs tied to identity resist change	revisions framed as updates to a model, never as the person being wrong	self-affirmation research (with caution)	shaming	openness	L	L	none	revision rate after framing	Wrongness as tuition	O4108	COMBO	S
O5415	54	Idea immune system, belief version control, calibration, contradiction (§43–§46)	Debate bot	practice arguing	argue with an AI	chatbots	—	—	L	M	open-ended, echo chamber	—	Socratic chatbots	L359	KNOWN	R:TAX
O5416	54	Idea immune system, belief version control, calibration, contradiction (§43–§46)	Belief export	the learner cannot take his record elsewhere	export the belief ledger as a plain file	data portability	learning records belong to institutions	ownership of one's own evidence	L	L	none	export round-trips without loss	Belief ledger	O5401	KNOWN	S
O5417	54	Idea immune system, belief version control, calibration, contradiction (§43–§46)	Confidence-weighted hooks	confident errors need more return	confident wrong answers return sooner	hypercorrection	uniform spacing	efficient repair	L	L	none	confident-error retention	Hypercorrection repair	L303	KNOWN	M:Hypercorrection repair
O5418	54	Idea immune system, belief version control, calibration, contradiction (§43–§46)	What-would-change-my-mind prompt	beliefs unfalsifiable	fixed-option: which observation would change this belief?	falsifiability	not asked	testable beliefs	L	L	none	items	What would change my mind?	L444	KNOWN	M:What would change my mind?
O5419	54	Idea immune system, belief version control, calibration, contradiction (§43–§46)	Contradiction ledger	contradictions forgotten	unresolved contradictions kept for future sessions	issue trackers	not tracked	seeds for inquiry	L	L	backlog	no counter (test)	Counterless question vault	O4316	COMBO	S
O5420	54	Idea immune system, belief version control, calibration, contradiction (§43–§46)	Echo-chamber breaker	same sources	sources per season drawn from different traditions and countries	source diversity	canon bias	wider view	L	M	tokenism	source diversity audit	Case-origin bias audit	L371	COMBO	S
O5501	55	Perspective accelerator and thought interferometer (§47–§48)	Lens toggle	one discipline's view	the same case through economics, psychology, history with fixed questions	multiple perspectives	one lens per course	richer models	L	M	lens soup	lens items	Discipline lens toggle	L020	KNOWN	M:Discipline lens toggle
O5502	55	Perspective accelerator and thought interferometer (§47–§48)	Interference pattern	two explanations overlap	overlay two models' predictions and find where they differ; that's where to look	interferometry	models taught separately	finds decisive observations	L	M	none	difference items	Hypothesis tester	L184	UNCLEAR	S
O5503	55	Perspective accelerator and thought interferometer (§47–§48)	Stakeholder rotation	one party's view	predict how each party in a case sees the same decision	perspective-taking	single protagonist	negotiation and design	L	M	stereotypes	stakeholder items	Acting + perspective	L464	COMBO	S
O5504	55	Perspective accelerator and thought interferometer (§47–§48)	Scale switch	one level of analysis	the same event at person, organisation, society scale	levels of analysis	fixed scale	fewer category errors	L	L	none	scale items	Time-scale switching	L382	COMBO	S
O5505	55	Perspective accelerator and thought interferometer (§47–§48)	Time-horizon switch	one horizon	the same decision at 1 day, 1 year, 10 years	temporal discounting	short horizons	long-term thinking	L	L	none	horizon items	Time-scale switching	L382	COMBO	S
O5506	55	Perspective accelerator and thought interferometer (§47–§48)	Outsider view	inside view biases estimates	reference-class estimate before the case details	reference class forecasting (Kahneman & Lovallo)	inside view taught	better estimates	L	L	wrong class	estimate error	Reference class	L203	KNOWN	M:Reference class
O5507	55	Perspective accelerator and thought interferometer (§47–§48)	Emic–etic pair	insider and outsider views conflict	a case told from inside a culture and by an outside observer	anthropology	one voice	respect and rigour	L	M	misrepresentation	sourcing of both	Emic/etic switch	L366	KNOWN	M:Emic/etic switch
O5508	55	Perspective accelerator and thought interferometer (§47–§48)	Adversary view	plans ignore opponents	predict the opponent's best response before finalising	red teaming	not done	robust plans	L	L	paranoia	adversary items	Pre-mortem	L198	COMBO	S
O5509	55	Perspective accelerator and thought interferometer (§47–§48)	Future-self view	decisions ignore the later self	the decision described from the self who lives with it	commitment devices	not done	consistent choices	L	L	none	commitment items	Time-inconsistency sense	O4710	COMBO	S
O5510	55	Perspective accelerator and thought interferometer (§47–§48)	Machine view	what would a model see?	ask what an algorithm optimising X would do in the case	optimisation thinking	not taught	spots Goodhart	L	L	none	items	Incentive sense	O4708	UNCLEAR	S
O5511	55	Perspective accelerator and thought interferometer (§47–§48)	Perspective count limit	too many lenses confuse	at most two lenses per step	cognitive load	lens overload	clarity	L	L	none	lint	Complexity meter	O4319	COMBO	S
O5512	55	Perspective accelerator and thought interferometer (§47–§48)	Role-play perspectives	empathy	the learner role-plays characters in free text	drama	—	—	M	L	open-ended	—	Free-text reflection box	O4318	KNOWN	R:TAX
O5513	55	Perspective accelerator and thought interferometer (§47–§48)	Interferometer on beliefs	two of the learner's beliefs conflict	surface pairs of ledger beliefs whose predictions disagree	consistency checking	not done	coherent world model	L	M	none	conflict items	Belief ledger	O5401	UNCLEAR	S
O5514	55	Perspective accelerator and thought interferometer (§47–§48)	Perspective blind test	whose view is this?	identify which lens produced a short analysis	attribution tasks	not practised	lens awareness	L	L	none	attribution items	Lens toggle	O5501	COMBO	S
O5515	55	Perspective accelerator and thought interferometer (§47–§48)	Cross-cultural case	one culture's cases	each season includes cases from several regions, Egypt first where relevant	comparative studies	Western canon	wider models	L	M	tokenism	case-origin audit	Egyptian examples first	L370	KNOWN	S
O5516	55	Perspective accelerator and thought interferometer (§47–§48)	Values vs facts splitter	disagreements mix values and facts	classify a dispute's claims as factual or value-based	fact–value distinction	mixed	productive disagreement	L	L	none	classification items	Crux finder	O5305	COMBO	S
O5517	55	Perspective accelerator and thought interferometer (§47–§48)	Perspective accelerator timing	perspectives take long to acquire	one new lens per season with cases	curriculum pacing	random	steady growth	L	L	slow	lens items per season	Lens toggle	O5501	COMBO	S
O5518	55	Perspective accelerator and thought interferometer (§47–§48)	Perspective of the data	who produced this data?	each data case states who collected it and why	data provenance	hidden	bias awareness	L	L	none	provenance fields	Primary-number rule	O4201	COMBO	S
O5519	55	Perspective accelerator and thought interferometer (§47–§48)	Model disagreement map	models disagree silently	list where primitives give different predictions for the same case	ensemble methods	not done	humility	L	M	complexity	items	Interference pattern	O5502	COMBO	S
O5520	55	Perspective accelerator and thought interferometer (§47–§48)	Perspective-taking VR	immersive empathy	VR embodiment	VR	—	—	H	H	cost; weak evidence	—	VR mechanisms	O4817	KNOWN	R:COST
O5601	56	World-model compiler, compression, half-life, garbage collection, memory, assimilation (§49–§54)	World model as primitives × cases	knowledge is a pile of facts	the learner's world model is represented as primitives each with verified cases	knowledge graphs	facts stored in courses	usable model	L	M	graph maintenance	P(t) growth	Mechanism passport	O5016	COMBO	S
O5602	56	World-model compiler, compression, half-life, garbage collection, memory, assimilation (§49–§54)	Assimilation test	seen is not assimilated	an idea counts as assimilated only after unaided far transfer at 30 days	retention + transfer	exposure counted	honest progress	L	L	slow counting	hook data	Delayed proof	L004	COMBO	S
O5603	56	World-model compiler, compression, half-life, garbage collection, memory, assimilation (§49–§54)	Idea states	no distinction between seen and owned	states: seen → understood → used → assimilated → retired	state machines	binary learned/not	clear next step	L	L	state inflation	state transitions require evidence	Assimilation test	O5602	COMBO	S
O5604	56	World-model compiler, compression, half-life, garbage collection, memory, assimilation (§49–§54)	Garbage collection of ideas	stale ideas clutter memory	retire hooks for primitives steady for 90 days	garbage collection	reviews forever	time freed	L	L	forgetting later	post-retirement spot checks	Retirement rule	L029	KNOWN	M:Retirement rule
O5605	56	World-model compiler, compression, half-life, garbage collection, memory, assimilation (§49–§54)	Memory without bureaucracy	flashcard decks become chores	memory kept by hooks inside sessions; no review queue exists	interleaved retrieval	SRS decks	no backlog	L	L	less total practice	no queue UI (test)	Hooks inside later sessions	L053	KNOWN	S
O5606	56	World-model compiler, compression, half-life, garbage collection, memory, assimilation (§49–§54)	Compression of the model	the model grows unwieldy	merge primitives when their cases overlap	model compression	never merged	fewer, stronger ideas	L	M	loss of nuance	merged primitive transfer	Mutual information of primitives	L114	COMBO	S
O5607	56	World-model compiler, compression, half-life, garbage collection, memory, assimilation (§49–§54)	Half-life economics	effort spent on fast-decaying knowledge	value = usefulness × half-life; prefer durable mechanisms	depreciation	not considered	durable learning	L	L	misjudged half-lives	retention of chosen vs rejected ideas	Half-life tags	O4512	COMBO	S
O5608	56	World-model compiler, compression, half-life, garbage collection, memory, assimilation (§49–§54)	Spot-check retired ideas	retired may be forgotten	rare random hooks on retired primitives	audits	none	safety net	L	L	none	retired hook accuracy	Garbage collection of ideas	O5604	COMBO	S
O5609	56	World-model compiler, compression, half-life, garbage collection, memory, assimilation (§49–§54)	Forgetting curve per learner	one decay for all	fit decay per primitive for this learner	Ebbinghaus; FSRS	fixed schedule	right spacing	L	M	overfitting	fit vs next hook	Hook-gap tuner	L501	KNOWN	M:Hook-gap tuner
O5610	56	World-model compiler, compression, half-life, garbage collection, memory, assimilation (§49–§54)	World-model gap map	blind areas	list domains with zero verified primitive cases	coverage maps	none	targeted growth	L	L	coverage fetish	gaps drive the alien feed	Filled-cell rule	O4502	COMBO	S
O5611	56	World-model compiler, compression, half-life, garbage collection, memory, assimilation (§49–§54)	Assimilation from reality	real use should count	a reality tap 'used' plus a later right hook moves an idea to assimilated	outcome evidence	only tests count	life counts	L	L	self-report	tap + hook combination	Reality taps	L494	COMBO	S
O5612	56	World-model compiler, compression, half-life, garbage collection, memory, assimilation (§49–§54)	Single source of truth	facts duplicated across sessions disagree	shared facts defined once and referenced	normalisation (databases)	copy-paste content	consistency	L	L	none	duplicate-claim lint	Unsourced-claim build failure	O4511	KNOWN	S
O5613	56	World-model compiler, compression, half-life, garbage collection, memory, assimilation (§49–§54)	Memory palace	memory tricks	method of loci for facts	mnemonics	—	recall of lists	M	L	wrong target: facts, not mechanisms	—	Oral memory techniques	L372	KNOWN	R:SCOPE
O5614	56	World-model compiler, compression, half-life, garbage collection, memory, assimilation (§49–§54)	Full-text notes store	save everything	store every note the learner writes	PKM tools	—	—	M	M	note-taking bureaucracy	—	Journaling	L062	KNOWN	R:TAX
O5615	56	World-model compiler, compression, half-life, garbage collection, memory, assimilation (§49–§54)	Model consistency check	primitives contradict	periodic items that pit two primitives on one case	consistency	not checked	coherence	L	M	none	items	Interferometer on beliefs	O5513	COMBO	S
O5616	56	World-model compiler, compression, half-life, garbage collection, memory, assimilation (§49–§54)	Compression receipts	what does he now carry?	yearly one-page map of assimilated primitives with evidence	annual reports	transcripts	clarity	L	L	vanity	generated from logs only	Evidence-only receipt	O4404	COMBO	S
O5617	56	World-model compiler, compression, half-life, garbage collection, memory, assimilation (§49–§54)	Durable-first ordering	ordering ignores durability	seasons ordered by half-life × transfer value	portfolio theory	tradition	long-term yield	L	L	estimates	yield by season	Half-life economics	O5607	COMBO	S
O5618	56	World-model compiler, compression, half-life, garbage collection, memory, assimilation (§49–§54)	Hook budget cap	hooks accumulate	at most two warm-up hooks a day; the rest wait without penalty	rate limiting	unbounded reviews	no backlog	L	L	slower review	test R18	Memory without bureaucracy	O5605	KNOWN	S
O5619	56	World-model compiler, compression, half-life, garbage collection, memory, assimilation (§49–§54)	Model export as questions	a world model is hard to see	the model rendered as the questions it can answer	question-answer maps	not done	self-knowledge	L	M	none	coverage by question type	World model as primitives × cases	O5601	UNCLEAR	S
O5620	56	World-model compiler, compression, half-life, garbage collection, memory, assimilation (§49–§54)	Idea retirement ceremony	retiring feels like loss	a one-line receipt when a primitive retires	rituals	none	closure	L	L	decoration	—	Garbage collection of ideas	O5604	KNOWN	R:SLOP
O5701	57	Taste, perceptual resolution, beauty (§55–§57)	Blind pairs with stated criteria	taste taught by authority	two unlabelled versions; pick; then the testable criterion	blind review; graphical perception	canon with names	taste that can be checked	L	L	criteria worship	pair accuracy on new pairs	Paired taste tasks	L235	COMBO	S
O5702	57	Taste, perceptual resolution, beauty (§55–§57)	Word-count toggle model	wordiness invisible	toggle edits and watch word count while meaning stays	plain-language editing	style as opinion	clarity	L	L	over-cutting	edit items	Sentence-level clarity test	O4315	UNCLEAR	S
O5703	57	Taste, perceptual resolution, beauty (§55–§57)	Hierarchy test	everything shouted	labels and slides judged by whether one thing is clearly first	visual hierarchy	design as decoration	fast reading	L	L	none	hierarchy pairs	Blind pairs with stated criteria	O5701	KNOWN	S
O5704	57	Taste, perceptual resolution, beauty (§55–§57)	Data-ink pairs	chart junk	same numbers, cluttered vs clean, judged by reading speed and accuracy	Tufte 1983	software defaults	honest charts	L	L	minimalism dogma	chart pairs	Same data, two charts	O4807	KNOWN	M:Same data, two charts
O5705	57	Taste, perceptual resolution, beauty (§55–§57)	Beauty with reasons	beauty seen as ineffable	for art pairs: name the structural feature (contrast, rhythm, focal point) that differs	art criticism	appreciation lectures	articulate taste	M	M	reductionism	feature items on new pairs	Alter one thing	L237	COMBO	S
O5706	57	Taste, perceptual resolution, beauty (§55–§57)	Alter-one-thing art pairs	what makes it work?	one element changed in a public-domain image; which version holds together?	ablation	not done	sensitivity to composition	M	M	rights of images	pair accuracy	Alter one thing	L237	KNOWN	M:Alter one thing
O5707	57	Taste, perceptual resolution, beauty (§55–§57)	Interleaved style discrimination	styles blur	interleaved examples of two painters or composers	interleaving (Kornell & Bjork 2008)	blocked by artist	style recognition	L	M	rights	new-example accuracy	Interleaved styles	L238	KNOWN	M:Interleaved styles
O5708	57	Taste, perceptual resolution, beauty (§55–§57)	Taste calibration	taste confidence unchecked	confidence on taste picks scored like any prediction	proper scoring	not scored	humble taste	L	L	none	Brier on taste items	Calibration by confidence tier	O5406	COMBO	S
O5709	57	Taste, perceptual resolution, beauty (§55–§57)	Resolution ladder for prose	fine differences invisible	pairs of sentences that differ less and less	psychophysics	not graded	fine perception	L	M	boredom	threshold	Resolution ladder	O4712	COMBO	S
O5710	57	Taste, perceptual resolution, beauty (§55–§57)	Beauty in mathematics	maths seen as ugly	two proofs of one fact; which is more illuminating and why	mathematical aesthetics	single proofs	taste in reasoning	M	M	difficulty	proof pairs	Visual proofs	L347	COMBO	S
O5711	57	Taste, perceptual resolution, beauty (§55–§57)	Music expectation pairs	music taste untrained	predict the next phrase between two options (public-domain scores)	musical expectation (Huron)	listening lectures	active listening	M	M	rights of recordings	pair accuracy	Predict the next note	L248	KNOWN	M:Predict the next note
O5712	57	Taste, perceptual resolution, beauty (§55–§57)	Criteria disagreement	criteria can conflict	cases where brevity and precision disagree; choose with reasons	trade-off analysis	rules taught as absolute	judgment	L	L	none	trade-off items	Blind pairs with stated criteria	O5701	COMBO	S
O5713	57	Taste, perceptual resolution, beauty (§55–§57)	Taste reality tap	taste stays in the app	after a taste session, did you edit something real?	reality taps	none	use	L	L	self-report	tap rate	Reality taps	L494	COMBO	S
O5714	57	Taste, perceptual resolution, beauty (§55–§57)	Aesthetic rating scales	measure beauty	1–10 ratings of artworks	rating scales	—	—	L	L	no key, no learning	—	Calibrated beauty ratings	L241	KNOWN	R:UNTEST
O5715	57	Taste, perceptual resolution, beauty (§55–§57)	Famous-is-good lesson	canon appreciation	learn why masterpieces are great	art history	—	—	L	L	authority bias	—	Blind panel pairs	O4816	KNOWN	R:EVID
O5716	57	Taste, perceptual resolution, beauty (§55–§57)	Taste transfer	taste in one medium	the same criterion (hierarchy) tested in labels, slides, rooms	transfer	medium-bound	portable taste	L	M	none	cross-medium items	Hierarchy test	O5703	COMBO	S
O5717	57	Taste, perceptual resolution, beauty (§55–§57)	Imitate-then-vary drills	craft by imitation	reproduce a structure, then vary one element	apprenticeship	free creation	craft	M	M	rights	variation items	Copy then vary	L242	KNOWN	M:Copy then vary
O5718	57	Taste, perceptual resolution, beauty (§55–§57)	Taste audit of the app itself	the app's own design	the learner judges two versions of an app screen	dogfooding	never	taste applied close to home	L	L	none	items	Taste transfer	O5716	UNCLEAR	S
O5719	57	Taste, perceptual resolution, beauty (§55–§57)	Beauty engine limits	clarity isn't all of beauty	sessions state when rules are deliberately broken (poetry, humour)	art theory	rules as absolute	nuanced taste	L	L	none	limits present (lint)	Criteria disagreement	O5712	COMBO	S
O5720	57	Taste, perceptual resolution, beauty (§55–§57)	Public-domain library build	lawful material missing	bundle a curated public-domain set with provenance	digital libraries	rights	unlocks art seasons	M	M	fetch blocked in this build	provenance per file	Public-domain art library	L247	KNOWN	M:Public-domain art library
O5801	58	Creation engine, invention gym, recombination (§58–§60)	Graded-part forge	creation blank page	build from graded parts, then critique	morphological box	free-form assignments	creation without paralysis	L	L	constrained output	forge vs reality	Forge from graded parts	O4306	COMBO	M:Forge from graded parts
O5802	58	Creation engine, invention gym, recombination (§58–§60)	Invention gym rounds	invention unpractised	given a problem and two primitives, pick the combination that solves it	TRIZ	not taught	inventive habit	L	M	trivial combos	novel-problem items	Conceptual zip bomb	O4904	COMBO	S
O5803	58	Creation engine, invention gym, recombination (§58–§60)	Constraint as muse	open briefs paralyse	every creation task carries two hard constraints	Oulipo	unconstrained	better ideas	L	L	none	forge completion	Constraints as design lessons	L244	KNOWN	S
O5804	58	Creation engine, invention gym, recombination (§58–§60)	Recombination reactor	ideas from one field only	draw two primitives from different seasons and choose the best application	combinatorial creativity	rare	novel devices	L	M	nonsense combos	application quality via critique	Invention gym rounds	O5802	COMBO	S
O5805	58	Creation engine, invention gym, recombination (§58–§60)	Pre-mortem critique	creations fail predictably	after forging, pick the most likely failure	pre-mortem (Klein)	not done	robust designs	L	L	none	critique items	Pre-mortem	L198	KNOWN	M:Pre-mortem
O5806	58	Creation engine, invention gym, recombination (§58–§60)	Build a model	understanding without building	the learner configures a small model (slots and parameters) that reproduces a pattern	modelling	consume-only	deep understanding	M	M	interface complexity	model reproduces target	Learner builds models	L509	KNOWN	M:Learner builds models
O5807	58	Creation engine, invention gym, recombination (§58–§60)	Author a session	teaching tests understanding	late-stage: the learner assembles a session from parts for someone else	learning by teaching	never	mastery evidence	M	M	effort	authored session passes the linter	Learner authors sessions	L508	KNOWN	M:Learner authors sessions
O5808	58	Creation engine, invention gym, recombination (§58–§60)	Invention log	ideas lost	forges and inventions kept with dates and reality results	lab notebook	not kept	record of creation	L	L	backlog	no counter	Personal lab notebook	L191	KNOWN	S
O5809	58	Creation engine, invention gym, recombination (§58–§60)	Remix of history	history as fixed	combine a historical solution with a modern problem	analogical design	not done	creative transfer	L	M	anachronism	application items	Recombination reactor	O5804	COMBO	S
O5810	58	Creation engine, invention gym, recombination (§58–§60)	Idea mutation drill	first ideas accepted	take a forge and vary one part three ways, pick the best	SCAMPER	not done	iteration habit	L	L	none	variation quality	Copy-then-vary	L242	KNOWN	S
O5811	58	Creation engine, invention gym, recombination (§58–§60)	Creation with a user	creations for nobody	each creation names who it is for and what they'll do	design thinking	self-referential	useful work	L	L	none	user field present	Constraint as muse	O5803	KNOWN	S
O5812	58	Creation engine, invention gym, recombination (§58–§60)	Invention prior-art check	reinventing the wheel	before claiming novelty, check fixed prior-art options	patent search	not taught	honest novelty	L	M	none	prior-art items	Invention log	O5808	COMBO	S
O5813	58	Creation engine, invention gym, recombination (§58–§60)	Free creative writing	creativity	open writing prompts	creative writing	—	—	M	L	thinking tax, unscored	—	Free-text reflection box	O4318	KNOWN	R:TAX
O5814	58	Creation engine, invention gym, recombination (§58–§60)	Hackathon weeks	creation intensity	week-long build sprints	hackathons	—	—	H	L	time, medicine conflict	—	Priority scheduler	L144	KNOWN	R:COST
O5815	58	Creation engine, invention gym, recombination (§58–§60)	Creation reality test	creations stay hypothetical	each forge is tried in the week and tapped once	prototyping	none	real feedback	L	L	self-report	tap rate	Reality taps	L494	COMBO	S
O5816	58	Creation engine, invention gym, recombination (§58–§60)	Critique ladder	critique is vague	critique options graded from surface to mechanism	rubrics	vague feedback	sharper critique	L	L	none	critique items	Pre-mortem critique	O5805	COMBO	S
O5817	58	Creation engine, invention gym, recombination (§58–§60)	Creation portfolio	creations scattered	yearly set of devices that worked	portfolios	none	evidence of creation	L	L	vanity	only 'used' forges	Invention log	O5808	COMBO	S
O5818	58	Creation engine, invention gym, recombination (§58–§60)	Design by contrast	design choices unexamined	for each forge, the chosen part vs a rejected part and why	design rationale	not recorded	reasoned design	L	L	none	rationale fields	Graded-part forge	O5801	COMBO	S
O5819	58	Creation engine, invention gym, recombination (§58–§60)	Invention metrics	is he more inventive?	share of invention-gym items solved on first attempt, trend	trend analysis	none	measures growth	L	L	item difficulty	trend with n	Invention gym rounds	O5802	UNCLEAR	S
O5820	58	Creation engine, invention gym, recombination (§58–§60)	Co-creation with AI	faster creation	AI generates, learner picks	copilots	—	—	L	M	dependence	—	Moral hazard of AI help	L284	KNOWN	R:EVID
O5901	59	Digital twin, pedagogy genome, personal physics, cognitive x-ray (§63–§66)	Learner state vector	the app doesn't know him	state = per-atom delayed accuracy, bug counts, x-ray causes, rep fitness, minutes	state estimation	grades only	precise adaptation	L	M	overfitting	predicts next hook	State observer	L095	COMBO	S
O5902	59	Digital twin, pedagogy genome, personal physics, cognitive x-ray (§63–§66)	Twin prediction test	is the twin any good?	the twin predicts each next answer; its Brier score is tracked	model validation	never validated	trustworthy adaptation	L	M	small n	twin Brier over time	Learner state vector	O5901	UNCLEAR	S
O5903	59	Digital twin, pedagogy genome, personal physics, cognitive x-ray (§63–§66)	Pedagogy genome	which teaching works for him?	per representation kind and step type, delayed success rates with n	personalised medicine	one method for all	tailored pedagogy	L	M	noise	genome predicts rep success	Representation fitness	O4802	COMBO	S
O5904	59	Digital twin, pedagogy genome, personal physics, cognitive x-ray (§63–§66)	Personal physics laws	his learning has regularities	fit simple laws: decay per atom, optimal session length, best hour	empirical laws	not fitted	self-knowledge	L	M	spurious laws	laws predict held-out weeks	Forgetting curve per learner	O5609	UNCLEAR	S
O5905	59	Digital twin, pedagogy genome, personal physics, cognitive x-ray (§63–§66)	Cognitive x-ray cause log	confusion causes unknown	each THIS DIDN'T CLICK records a cause	diagnostics	not recorded	targeted repairs	L	L	none	cause counts	Cause-typed repair router	O4312	KNOWN	S
O5906	59	Digital twin, pedagogy genome, personal physics, cognitive x-ray (§63–§66)	Hesitation signal	confusion without asking	time to commit and answer changes logged	response-time analysis	not used	silent confusion found	L	L	privacy	hesitation vs errors	Friction detector	L420	KNOWN	M:Friction detector
O5907	59	Digital twin, pedagogy genome, personal physics, cognitive x-ray (§63–§66)	Misconception fingerprint	which bugs recur?	bug classes counted over months; top three drive distractor design	error analysis	not tracked	targeted content	L	L	none	bug trends	Misconception miner	L495	KNOWN	M:Misconception miner
O5908	59	Digital twin, pedagogy genome, personal physics, cognitive x-ray (§63–§66)	Twin states: seen → assimilated	states unclear	the twin holds each idea's state with evidence	state machines	none	honest progress	L	L	none	states from evidence only	Idea states	O5603	COMBO	M:Idea states
O5909	59	Digital twin, pedagogy genome, personal physics, cognitive x-ray (§63–§66)	Best-hour detection	time of day matters differently	compare delayed success by session hour	chronobiology	ignored	better timing	L	L	confounds	within-person comparison	Circadian timing	L337	COMBO	S
O5910	59	Digital twin, pedagogy genome, personal physics, cognitive x-ray (§63–§66)	Twin-guided warm-up	warm-ups random	warm-up hooks chosen by predicted forgetting	SRS scheduling	fixed	efficient warm-ups	L	M	none	warm-up accuracy near target	Hook-gap tuner	L501	COMBO	S
O5911	59	Digital twin, pedagogy genome, personal physics, cognitive x-ray (§63–§66)	Twin privacy boundary	twin data sensitive	twin stored locally; never sent; CNS state untouched	privacy by design	cloud-first	trust	L	L	loss on device change	isolation test	Process isolation	L145	KNOWN	S
O5912	59	Digital twin, pedagogy genome, personal physics, cognitive x-ray (§63–§66)	Emotion detection	affect	webcam emotion sensing	affective computing	—	—	M	H	invasive, weak validity	—	Neurofeedback	L331	KNOWN	R:EVID
O5913	59	Digital twin, pedagogy genome, personal physics, cognitive x-ray (§63–§66)	Learning-style profile	personalise by style	visual/auditory styles	learning styles	—	—	L	L	contradicted (Pashler et al. 2008)	—	Representation per cause	O4801	KNOWN	R:EVID
O5914	59	Digital twin, pedagogy genome, personal physics, cognitive x-ray (§63–§66)	Pedagogy genome mutation	genome static	occasionally try a non-preferred representation to keep learning about him	exploration in bandits	never explore	avoids lock-in	L	L	slight inefficiency	exploration rate	Pedagogy genome	O5903	KNOWN	S
O5915	59	Digital twin, pedagogy genome, personal physics, cognitive x-ray (§63–§66)	Twin explanation	why did the app choose this?	WHY THIS? explains the choice from the twin's data	explainable AI	black boxes	trust and control	L	L	none	R7 test	Learner state vector	O5901	KNOWN	S
O5916	59	Digital twin, pedagogy genome, personal physics, cognitive x-ray (§63–§66)	Personal physics dashboard	see all the laws	a dashboard of personal metrics	quantified self	—	—	L	M	dashboard hell	—	Progressive disclosure	L418	KNOWN	R:SLOP
O5917	59	Digital twin, pedagogy genome, personal physics, cognitive x-ray (§63–§66)	Twin reset	stale twin	a reset that keeps the ledger but clears the model	factory reset	none	fresh start	L	L	loss	reset keeps beliefs	Belief ledger	O5401	KNOWN	S
O5918	59	Digital twin, pedagogy genome, personal physics, cognitive x-ray (§63–§66)	Error-type twin	which kind of error does he make under pressure?	compare bug classes on short-dose days vs normal days	stress research	not tracked	pressure awareness	L	L	small n	bug distribution by dose	Misconception fingerprint	O5907	UNCLEAR	S
O5919	59	Digital twin, pedagogy genome, personal physics, cognitive x-ray (§63–§66)	X-ray repair success	does the repair work?	accuracy on the next item after each repair type	evaluation	not measured	better repairs	L	L	none	repair success rates	Cognitive x-ray cause log	O5905	COMBO	S
O5920	59	Digital twin, pedagogy genome, personal physics, cognitive x-ray (§63–§66)	Twin forecasts P(t)	future capability	project primitive–domain pairs from current rate with uncertainty	forecasting	none	honest expectations	L	L	false precision	forecast vs actual	Twin prediction test	O5902	COMBO	S
O6001	60	Scaffold decay, anti-dependence, alien test, explanation supremacy (§67–§71)	Unaided hooks	help inflates scores	hooks never show pictures or helpers	retrieval practice	open-book review	real capability measured	L	L	frustration	hook vs session gap	Delayed proof	L004	KNOWN	S
O6002	60	Scaffold decay, anti-dependence, alien test, explanation supremacy (§67–§71)	Scaffold fading by evidence	scaffolds stay forever	representations and hints shrink as a primitive's hook accuracy rises	fading (Renkl)	fixed support	independence	L	M	fading too fast	accuracy after fading	Faded examples	L046	KNOWN	M:Faded examples
O6003	60	Scaffold decay, anti-dependence, alien test, explanation supremacy (§67–§71)	AI-off days	dependence on AI	the organ contains no answer-giving AI; all capability is the learner's	Bastani et al. (2024) on AI tutors	AI answers everywhere	owned skill	L	L	slower help	no AI answer channel (audit)	No answer-giving AI	L293	KNOWN	M:No answer-giving AI
O6004	60	Scaffold decay, anti-dependence, alien test, explanation supremacy (§67–§71)	Dependence ratio	is he dependent on the app's pictures?	unaided accuracy ÷ aided accuracy per primitive	ratio metrics	not computed	dependence visible	L	L	none	ratio trend	Unaided hooks	O6001	COMBO	S
O6005	60	Scaffold decay, anti-dependence, alien test, explanation supremacy (§67–§71)	Explain-it-back choice	understanding vs recognition	choose the explanation that would convince a sceptic, among near-miss explanations	self-explanation	recognition tests	explanatory skill	L	L	none	explanation items	One-sentence truth pick	O4308	COMBO	S
O6006	60	Scaffold decay, anti-dependence, alien test, explanation supremacy (§67–§71)	Explanation supremacy rule	memorised answers	an item counts only if the learner also picks the right reason	two-tier tests	answer-only tests	reasons over recall	L	L	longer items	two-tier items	Explain + predict	L456	KNOWN	S
O6007	60	Scaffold decay, anti-dependence, alien test, explanation supremacy (§67–§71)	Alien problem protocol	generalisation unmeasured	monthly unlabelled problem from an untaught domain, scored on first question and prediction	far-transfer tests	never	real generalisation	L	M	item variance	alien delta	Alien domain monthly	O5202	COMBO	M:Alien domain monthly
O6008	60	Scaffold decay, anti-dependence, alien test, explanation supremacy (§67–§71)	Scaffold inventory	what help exists?	list every scaffold per step to fade deliberately	inventory	unknown	planned fading	L	L	none	inventory per season	Scaffold fading by evidence	O6002	COMBO	S
O6009	60	Scaffold decay, anti-dependence, alien test, explanation supremacy (§67–§71)	Shorter sessions over time	the app keeps growing	as scaffolds fade, sessions shorten	graduation	courses grow	less time for the same capability	L	L	none	minutes per primitive trend	Graduation by dissolution	O6414	COMBO	S
O6010	60	Scaffold decay, anti-dependence, alien test, explanation supremacy (§67–§71)	Help-seeking calibration	asks for help too early or never	help used vs later accuracy	help-seeking research	not measured	right help use	L	L	none	help vs outcome	Cause-typed repair router	O4312	COMBO	S
O6011	60	Scaffold decay, anti-dependence, alien test, explanation supremacy (§67–§71)	Answer-first AI tutor	fast answers	chat tutor that answers questions	chatbots	—	—	L	M	dependence	—	Moral hazard of AI help	L284	KNOWN	R:EVID
O6012	60	Scaffold decay, anti-dependence, alien test, explanation supremacy (§67–§71)	Unplug test yearly	would he think this way without the app?	a yearly battery with no app, paper-style	standardised assessment	not done	independence evidence	M	L	effort	battery scores	Dependence ratio	O6004	COMBO	S
O6013	60	Scaffold decay, anti-dependence, alien test, explanation supremacy (§67–§71)	Explanation debugging	bad explanations accepted	find the flaw in a plausible wrong explanation	debugging tasks	rare	critical reading	L	L	none	debug items	Debug a wrong explanation	L048	KNOWN	M:Debug a wrong explanation
O6014	60	Scaffold decay, anti-dependence, alien test, explanation supremacy (§67–§71)	Fade announcement	fading feels like punishment	tell him when help is removed and why	transparency	silent	trust	L	L	none	notice present	Scaffold removal notice	L451	KNOWN	R:DUP
O6015	60	Scaffold decay, anti-dependence, alien test, explanation supremacy (§67–§71)	Hint cost display	hints free	show that hints lower the evidence value	priced help	free hints	hint discipline	L	L	shame	hint use trend	Help-seeking calibration	O6010	COMBO	S
O6016	60	Scaffold decay, anti-dependence, alien test, explanation supremacy (§67–§71)	Transfer without cue	cued transfer overstates	far items never mention the primitive name	cue removal	cued items	honest transfer	L	L	harder items	cue audit (lint)	Field-blind item bank	O5217	COMBO	S
O6017	60	Scaffold decay, anti-dependence, alien test, explanation supremacy (§67–§71)	Independent re-derivation	facts memorised without derivation	derive a result from primitives with fixed steps	derivation tasks	memorise results	generative knowledge	M	M	difficulty	derivation items	Explanation supremacy rule	O6006	COMBO	S
O6018	60	Scaffold decay, anti-dependence, alien test, explanation supremacy (§67–§71)	Unaided reality	reality tap after help	reality taps only for sessions whose hooks were passed unaided	evidence hierarchy	none	cleaner evidence	L	L	fewer taps	tap rules	Reality taps	L494	UNCLEAR	S
O6019	60	Scaffold decay, anti-dependence, alien test, explanation supremacy (§67–§71)	AI-proof items	items solvable by search	items built from the learner's own data or novel combinations	item security	public items	honest measurement	M	M	effort	search test on items	Life-case compiler	O4203	COMBO	S
O6020	60	Scaffold decay, anti-dependence, alien test, explanation supremacy (§67–§71)	Scaffold decay curve	how fast to fade?	fit the fade rate that keeps accuracy ≥ 75%	control	fixed	optimal independence	L	M	noise	accuracy after fades	Scaffold fading by evidence	O6002	COMBO	S
O6101	61	Synthesis trials and boss worlds (§72–§73)	Boss world per season	ideas tested alone	each season ends in an unlabelled world needing all its mechanisms	capstones	unit tests only	integration	M	M	authoring cost	boss accuracy	Unlabelled boss world	O5201	COMBO	M:Unlabelled boss world
O6102	61	Synthesis trials and boss worlds (§72–§73)	Minimum-set puzzle	too many explanations	switch mechanisms until all symptoms are explained with the fewest	Occam; set cover	not practised	parsimony	L	M	non-unique solutions (taught)	puzzle items	Minimum sufficient model board	O4313	UNCLEAR	M:Minimum sufficient model board
O6103	61	Synthesis trials and boss worlds (§72–§73)	Synthesis trial across seasons	seasons isolated	every third season a trial mixing primitives from all past seasons	cumulative exams (formative)	compartmentalised	long-range integration	M	M	difficulty spike	trial accuracy	Boss world per season	O6101	COMBO	S
O6104	61	Synthesis trials and boss worlds (§72–§73)	Fictional composite honesty	fictional cases passed as real	fictional worlds labelled; each mechanism in them cited from real evidence	case writing ethics	unlabelled vignettes	trust	L	L	none	label present (lint)	Primary-number rule	O4201	COMBO	S
O6105	61	Synthesis trials and boss worlds (§72–§73)	Symptom-to-mechanism mapping	symptoms confused with causes	each symptom mapped to candidate mechanisms before choosing	differential diagnosis	not transferred	structured diagnosis	L	L	none	mapping items	Minimum-set puzzle	O6102	COMBO	S
O6106	61	Synthesis trials and boss worlds (§72–§73)	Boss world with a decision	diagnosis without action	the world ends with one decision: which single change helps most	decision analysis	analysis only	action	L	L	none	decision item	Three-boxes drill	O4301	COMBO	S
O6107	61	Synthesis trials and boss worlds (§72–§73)	Boss world from his life	fictional worlds distant	a boss built from his logged founder or study events	case-based reasoning	none	relevance	M	M	privacy	life-boss accuracy	Life-case compiler	O4203	COMBO	S
O6108	61	Synthesis trials and boss worlds (§72–§73)	Multi-level boss	levels confused	a boss where symptoms sit at person, team and system levels	levels of analysis	flat	scale awareness	M	M	complexity	level items	Scale switch	O5504	COMBO	S
O6109	61	Synthesis trials and boss worlds (§72–§73)	Boss difficulty curve	bosses too hard or easy	pilot on simulated learners; target 60–75% first-try	difficulty tuning	untuned	productive struggle	L	M	one learner	first-try accuracy	Simulated learners	L506	COMBO	S
O6110	61	Synthesis trials and boss worlds (§72–§73)	Boss replay later	boss solved once	the same world returns months later with changed numbers	spaced retesting	never	durable integration	L	L	memorised answers	replay accuracy	Hooks inside later sessions	L053	COMBO	S
O6111	61	Synthesis trials and boss worlds (§72–§73)	Real-case boss	fiction may be too clean	a boss from a documented real case with sources	case method	rare	realism	M	M	truth risk	sourcing	Primary-data puzzle	O5110	COMBO	S
O6112	61	Synthesis trials and boss worlds (§72–§73)	Boss with conflicting evidence	clean worlds mislead	one symptom's evidence is noisy on purpose; picking it is a trap	noisy data	clean data	robust judgment	L	M	confusion	trap items	Contradiction reactor	O5407	COMBO	S
O6113	61	Synthesis trials and boss worlds (§72–§73)	Boss scoring by reasons	lucky guesses	each boss choice needs the matching reason	two-tier tests	answer only	honest scores	L	L	longer	two-tier boss items	Explanation supremacy rule	O6006	COMBO	S
O6114	61	Synthesis trials and boss worlds (§72–§73)	Boss as story game	fun bosses	narrative game with characters	games	—	—	M	H	slop, cost	—	Campaign story	L217	KNOWN	R:SLOP
O6115	61	Synthesis trials and boss worlds (§72–§73)	Synthesis essay	synthesis	write an essay combining ideas	essays	—	—	H	L	thinking tax	—	Free-text reflection box	O4318	KNOWN	R:TAX
O6116	61	Synthesis trials and boss worlds (§72–§73)	Boss-world generator	authoring bosses is slow	templates: pick 4 mechanisms, a setting, symptom recipes; human review required	procedural content with review	manual	more bosses	M	M	fabricated facts	review gate	Season compiler	L157	COMBO	S
O6117	61	Synthesis trials and boss worlds (§72–§73)	Boss post-mortem	why did he miss?	per missed boss item, the bug class and which session taught the idea	error attribution	not done	targeted repair	L	L	none	attribution present	Misconception fingerprint	O5907	COMBO	S
O6118	61	Synthesis trials and boss worlds (§72–§73)	Co-op boss	social synthesis	two learners solve a boss together with committed answers	collaborative learning	solo	real disagreement	M	L	scheduling	co-op completion	Co-op	L219	KNOWN	M:Co-op
O6119	61	Synthesis trials and boss worlds (§72–§73)	Boss world transfer to reality	boss stays in the app	the boss forge asks him to draw the three boxes of a real situation	transfer	none	use	L	L	self-report	tap	Reality taps	L494	COMBO	S
O6120	61	Synthesis trials and boss worlds (§72–§73)	Boss novelty guard	bosses become predictable	no boss reuses a setting within a year	variety	reuse	honest measurement	L	L	authoring load	setting log	Boss world per season	O6101	COMBO	S
O6201	62	Frontier radar, serendipity, canon market, anti-canon (§74, §77, §79–§80)	Frontier card	the learner doesn't know where knowledge ends	each primitive's GO DEEPER ends with one open question at the research frontier, sourced	review articles	textbooks end at settled knowledge	sense of the frontier	L	M	stale frontiers	dated sources on each card	Frontier cards	L469	KNOWN	M:Frontier cards
O6202	62	Frontier radar, serendipity, canon market, anti-canon (§74, §77, §79–§80)	Serendipity pair	chance connections rare	occasionally pair a session with a distant case that shares its mechanism	serendipity engineering	random browsing	unexpected links	L	L	noise	pair items	Serendipity pairs	L473	KNOWN	M:Serendipity pairs
O6203	62	Frontier radar, serendipity, canon market, anti-canon (§74, §77, §79–§80)	Anomaly of the month	anomalies ignored	one sourced anomaly per month that current models don't explain	Kuhn's anomalies	not taught	curiosity at the edge	L	M	fringe claims	grade A/B sources only	Anomaly of the week	L475	KNOWN	M:Anomaly of the week
O6204	62	Frontier radar, serendipity, canon market, anti-canon (§74, §77, §79–§80)	Canon market	canon fixed by tradition	works earn their place by producing clicks and transfer for this learner	markets	authority	a personal canon that works	L	M	populism	canon entries with evidence	Primitive portfolio	L278	UNCLEAR	S
O6205	62	Frontier radar, serendipity, canon market, anti-canon (§74, §77, §79–§80)	Anti-canon	neglected works and cultures	each season includes one excellent overlooked source	counter-canon	Western canon	wider view	L	M	tokenism	source audit	Case-origin bias audit	L371	COMBO	S
O6206	62	Frontier radar, serendipity, canon market, anti-canon (§74, §77, §79–§80)	Frontier radar digest	new findings missed	quarterly: one verified new finding per primitive, if any	research digests	static curricula	freshness	M	M	hype	sources and grades	Research digests	L480	KNOWN	M:Research digests
O6207	62	Frontier radar, serendipity, canon market, anti-canon (§74, §77, §79–§80)	Adjacent-possible choice	what to learn next	next seasons offered as two adjacent options chosen by evidence	Kauffman's adjacent possible	fixed order	efficient expansion	L	L	narrowing	entry cost of choices	Adjacent-possible map	L472	KNOWN	M:Adjacent-possible map
O6208	62	Frontier radar, serendipity, canon market, anti-canon (§74, §77, §79–§80)	Replication status tag	frontier findings fragile	each frontier claim tagged: replicated / single study / disputed	replication movement	not tagged	calibrated excitement	L	L	none	tags present (lint)	Replication literacy	L187	KNOWN	S
O6209	62	Frontier radar, serendipity, canon market, anti-canon (§74, §77, §79–§80)	Canon half-life	canon entries age	canon entries re-evaluated yearly	portfolio rebalancing	never	living canon	L	L	churn	yearly diff	Civilizational recompile schedule	O4520	COMBO	S
O6210	62	Frontier radar, serendipity, canon market, anti-canon (§74, §77, §79–§80)	Hype detector	frontier hype	items classifying claims as hype, promising or established	science communication	not taught	calibrated reading of news	L	L	cynicism	items	Replication status tag	O6208	COMBO	S
O6211	62	Frontier radar, serendipity, canon market, anti-canon (§74, §77, §79–§80)	Serendipity budget	exploration crowds out learning	at most one serendipity item per week	explore/exploit	none	balance	L	L	none	rate	Serendipity pair	O6202	COMBO	S
O6212	62	Frontier radar, serendipity, canon market, anti-canon (§74, §77, §79–§80)	Surprise-seeking feed	curiosity	endless surprising facts	trivia feeds	—	—	L	M	novelty addiction	—	Wikipedia random walks	L478	KNOWN	R:ADDICT
O6213	62	Frontier radar, serendipity, canon market, anti-canon (§74, §77, §79–§80)	Frontier question vault	frontier questions lost	frontier questions the learner likes saved without a counter	question vault	none	raw material	L	L	backlog	no counter	Counterless question vault	O4316	COMBO	M:Counterless question vault
O6214	62	Frontier radar, serendipity, canon market, anti-canon (§74, §77, §79–§80)	Canon by mechanism	canon by author	a work enters the canon for the mechanism it teaches best	curation	author prestige	useful canon	L	M	reductionism	entries list mechanisms	Canon market	O6204	COMBO	S
O6215	62	Frontier radar, serendipity, canon market, anti-canon (§74, §77, §79–§80)	Unread-classics guilt removal	must-read lists create debt	no reading list exists; works appear only compiled into sessions	anti-backlog	reading lists	no guilt	L	L	missing whole-work experience	no list UI	Canon compression with one jewel	O4507	COMBO	S
O6216	62	Frontier radar, serendipity, canon market, anti-canon (§74, §77, §79–§80)	Frontier forecast	where will the field go?	commit a probability on a frontier question; resolve years later	forecasting tournaments	never	long-horizon calibration	L	L	slow resolution	resolved forecasts Brier	Contingency scoring	O5115	COMBO	S
O6217	62	Frontier radar, serendipity, canon market, anti-canon (§74, §77, §79–§80)	Expert disagreement at the frontier	consensus assumed	frontier cards show where experts disagree	controversy mapping	consensus only	realistic view	L	M	false balance	sources for each side	Expert-disagreement tour	O5011	COMBO	S
O6218	62	Frontier radar, serendipity, canon market, anti-canon (§74, §77, §79–§80)	Serendipity from reality	chance meetings	reality taps may log a surprising link noticed in life	experience sampling	none	real serendipity	L	L	self-report	logged links	Reality taps	L494	COMBO	S
O6219	62	Frontier radar, serendipity, canon market, anti-canon (§74, §77, §79–§80)	Social feed of discoveries	discovery sharing	share discoveries publicly	social media	—	—	L	M	performative learning	—	Polymath theater detector	O5004	KNOWN	R:SLOP
O6220	62	Frontier radar, serendipity, canon market, anti-canon (§74, §77, §79–§80)	Dark-horse primitive	important ideas nobody teaches	one primitive per year chosen from outside standard curricula	neglected ideas	tradition	unique edge	L	M	crank ideas	provenance grade A/B	Anti-canon	O6205	UNCLEAR	S
O6301	63	Human possibility engine and the objective (§81–§84)	Verified pairs P(t)	possibility unmeasurable	count primitive–domain pairs demonstrated unaided at delay	skill graphs	not measured	honest growth metric	L	L	slow	pairs with evidence	Mechanism passport	O5016	COMBO	S
O6302	63	Human possibility engine and the objective (§81–§84)	Possibility volume	options unseen	count distinct kinds of problems he can now attempt with a first useful question	option theory	none	breadth of agency	L	M	vague counting	alien-item orientation	Verified pairs P(t)	O6301	UNCLEAR	S
O6303	63	Human possibility engine and the objective (§81–§84)	Possible-selves simulation	futures invisible	fixed-option scenarios showing which capabilities each future needs	possible selves (Markus & Nurius)	career talks	informed direction	L	M	fantasy	choices link to real capability data	Possibility volume	O6302	COMBO	S
O6304	63	Human possibility engine and the objective (§81–§84)	Objective as a vector	one number corrupts	delayed far transfer, retrieval, calibration, reality use, minutes — never collapsed	multi-objective optimisation	single scores	Goodhart-resistant	L	L	harder to read	report as vector	No composite score	L288	COMBO	S
O6305	63	Human possibility engine and the objective (§81–§84)	Capability per life-minute	time is the real budget	improvement claimed only at equal or fewer minutes	productivity	hours ignored	respect for life	L	L	discourages depth	minutes in every report	Minutes-owed inversion	O4101	COMBO	S
O6306	63	Human possibility engine and the objective (§81–§84)	Rate objective	level vs rate	objective includes the rate of acquiring new primitives (learning speed)	calculus of learning	levels only	compounding	L	L	noise	learning-speed series	Domain entry cost	O4518	COMBO	S
O6307	63	Human possibility engine and the objective (§81–§84)	Second-derivative objective	does the rate improve?	slope of learning speed across seasons	acceleration	never	meta-learning evidence	L	L	needs years	slope with CI after ≥ 2 seasons	Rate objective	O6306	UNCLEAR	S
O6308	63	Human possibility engine and the objective (§81–§84)	Life-sovereign constraint	objective could swallow life	hard constraints: sleep, medicine, weekly cap, exam weekend	constrained optimisation	unbounded study	sustainable	L	L	slower growth	gate tests	Priority scheduler	L144	KNOWN	S
O6309	63	Human possibility engine and the objective (§81–§84)	Agency metric	knowing without doing	share of forges used in reality	outcome metrics	none	action	L	L	self-report	tap rates	Reality taps	L494	COMBO	S
O6310	63	Human possibility engine and the objective (§81–§84)	Possibility audit yearly	is life actually wider?	yearly fixed-option review of new things attempted because of Renaissance	annual review	none	grounded in life	L	L	self-report	compare with logs	Compression receipts	O5616	COMBO	S
O6311	63	Human possibility engine and the objective (§81–§84)	Happiness objective	optimise wellbeing	maximise reported happiness	wellbeing apps	—	—	L	L	wrong target for this organ	—	Satisfaction firewall	O4407	KNOWN	R:SCOPE
O6312	63	Human possibility engine and the objective (§81–§84)	IQ objective	raise IQ	optimise IQ tests	brain training	—	—	L	L	evidence against far transfer (Sala & Gobet 2017)	—	Brain training	L336	KNOWN	R:EVID
O6313	63	Human possibility engine and the objective (§81–§84)	Objective drift check	objective silently changes	each quarter compare what the code optimises with the written objective	audits	none	integrity	L	L	none	audit report	Objective as a vector	O6304	COMBO	S
O6314	63	Human possibility engine and the objective (§81–§84)	Counterfactual self	what would he be without it?	compare with baseline battery at start; no control, stated	baseline measurement	none	honest comparison	L	L	no control group	baseline stored	Unplug test yearly	O6012	COMBO	S
O6315	63	Human possibility engine and the objective (§81–§84)	Option-value of primitives	which ideas keep doors open?	rank primitives by how many domains they unlock	real options	not ranked	strategic choice	L	M	estimates	rank vs later use	Compression ratio per idea; Option value	O4910 L283	COMBO	S
O6316	63	Human possibility engine and the objective (§81–§84)	Possibility map UI	see possibilities	an interactive map of futures	maps	—	—	L	M	dashboard hell	—	Personal physics dashboard	O5916	KNOWN	R:SLOP
O6317	63	Human possibility engine and the objective (§81–§84)	Objective in plain words	objective hidden	WHY THIS? states the objective in one sentence	transparency	hidden	alignment	L	L	none	sentence present	Objective as a vector	O6304	KNOWN	S
O6318	63	Human possibility engine and the objective (§81–§84)	Stop as success	more is better assumed	the objective rewards stopping at the dose	satisficing	maximising	life protected	L	L	none	stop rules tests	Stop as reward	L490	KNOWN	M:Stop as reward
O6319	63	Human possibility engine and the objective (§81–§84)	Capability-to-possibility bridge	capability without direction	forges link each primitive to one concrete opportunity in his life	career design	abstract	direction	L	L	none	forge fields	Agency metric	O6309	COMBO	S
O6320	63	Human possibility engine and the objective (§81–§84)	Possibility pessimism check	overpromising	every forecast of growth comes with the no-change scenario	reference classes	hype	honesty	L	L	none	forecast pairs	Twin forecasts P(t)	O5920	COMBO	S
O6401	64	Time, stop rule, minimum dose, no backlog, no FOMO, sovereignty (§85–§89)	Gate after medicine	a new organ could steal medicine time	Renaissance opens only when the CNS day says STOP	priority scheduling	competing apps	medicine protected	L	L	none	R1	Donor-organ architecture	L491	UNCLEAR	M:Donor-organ architecture
O6402	64	Time, stop rule, minimum dose, no backlog, no FOMO, sovereignty (§85–§89)	Weekly cap with shrink	time creeps	≥ 245 min/week → 10-min doses; ≥ 300 → shut	homeostasis	unbounded	sustainable	L	L	none	R17	Homeostatic time budget	L068	KNOWN	M:Homeostatic time budget
O6403	64	Time, stop rule, minimum dose, no backlog, no FOMO, sovereignty (§85–§89)	Sleep gate	late-night sessions harm sleep	shut 01:00–05:00	sleep hygiene	none	sleep protected	L	L	none	R16	Circadian gate	L074	KNOWN	M:Circadian gate
O6404	64	Time, stop rule, minimum dose, no backlog, no FOMO, sovereignty (§85–§89)	Exam-weekend shutdown	exams need everything	shut on exam weekends; 10-min doses in exam week	feedforward control	none	exam protected	L	L	none	R16	Calendar feedforward	L098	KNOWN	M:Calendar feedforward
O6405	64	Time, stop rule, minimum dose, no backlog, no FOMO, sovereignty (§85–§89)	One session a day	binging	one session per day; the door says today is done	rate limiting	binge design	spacing and life	L	L	frustration	R11	Stop as reward	L490	KNOWN	S
O6406	64	Time, stop rule, minimum dose, no backlog, no FOMO, sovereignty (§85–§89)	No-backlog return	missed days create debt	after any absence, one ordinary session; never 'behind'	anti-debt design	streaks and backlogs	guilt-free return	L	L	slower	R18	Short-dose continuation	O6409	KNOWN	S
O6407	64	Time, stop rule, minimum dose, no backlog, no FOMO, sovereignty (§85–§89)	No FOMO copy	fear of missing out	no text about missing, streaks or others' progress	dark-pattern ban	FOMO marketing	calm	L	L	none	lint	Dark-pattern ban	L423	KNOWN	S
O6408	64	Time, stop rule, minimum dose, no backlog, no FOMO, sovereignty (§85–§89)	Minimum dose estimate	how much is enough?	estimate the marginal value of minute 20 vs 30 from delayed results	dose–response	fixed lengths	shorter sessions	L	M	noise	dose–response curve	Minimum effective dose	L006	COMBO	S
O6409	64	Time, stop rule, minimum dose, no backlog, no FOMO, sovereignty (§85–§89)	Short-dose continuation	short days break sessions	a 10-minute day ends with a partial receipt and continues next day	checkpointing	all-or-nothing	no waste	L	L	none	R27	Minimum dose estimate	O6408	UNCLEAR	S
O6410	64	Time, stop rule, minimum dose, no backlog, no FOMO, sovereignty (§85–§89)	Kill switches	the learner must be able to turn it off	three independent off switches	circuit breakers	hard to quit	sovereignty	L	L	none	R19	Kill switch	L146	KNOWN	M:Kill switch
O6411	64	Time, stop rule, minimum dose, no backlog, no FOMO, sovereignty (§85–§89)	Nothing-owed DONE	quitting mid-session feels bad	DONE stops at once; 'nothing is owed'	exit rights	guilt	freedom	L	L	none	R9	Penalty-free exit	L295	KNOWN	M:Penalty-free exit
O6412	64	Time, stop rule, minimum dose, no backlog, no FOMO, sovereignty (§85–§89)	Life-minutes receipt	time spent invisible	receipt shows minutes this week	time tracking	hidden	awareness	L	L	none	receipt	Life-minutes accounting	L489	KNOWN	M:Life-minutes accounting
O6413	64	Time, stop rule, minimum dose, no backlog, no FOMO, sovereignty (§85–§89)	Silent organ	apps pull	Renaissance never notifies	calm technology	push culture	sovereignty	L	L	forgetting to open	no notification code	No notifications	L427	KNOWN	R:DUP
O6414	64	Time, stop rule, minimum dose, no backlog, no FOMO, sovereignty (§85–§89)	Graduation by dissolution	the organ could be forever	retire primitives; the organ shrinks as habits run unaided	fading	courses never end	freedom	L	L	none	retirement counts	Dissolve into habits	L510	KNOWN	M:Dissolve into habits
O6415	64	Time, stop rule, minimum dose, no backlog, no FOMO, sovereignty (§85–§89)	FOMO-free frontier	frontier cards could create FOMO	frontier cards are optional and never counted	calm design	news feeds	curiosity without anxiety	L	L	none	no counters	Frontier card	O6201	COMBO	S
O6416	64	Time, stop rule, minimum dose, no backlog, no FOMO, sovereignty (§85–§89)	Life event pause	illness, travel	a one-tap pause with no consequence	pause features	streak penalties	humane	L	L	none	pause keeps state	Nothing-owed DONE	O6411	KNOWN	S
O6417	64	Time, stop rule, minimum dose, no backlog, no FOMO, sovereignty (§85–§89)	Stop-rule explanation	stops feel arbitrary	the door says why it's shut (sleep, exam, weekly cap)	transparency	silent limits	trust	L	L	none	gate messages	Gate after medicine	O6401	KNOWN	S
O6418	64	Time, stop rule, minimum dose, no backlog, no FOMO, sovereignty (§85–§89)	Opportunity-cost line	what else could this time do?	WHY THIS? states what the minutes are traded against	opportunity cost	ignored	honest choice	L	L	guilt	text present	Visible opportunity cost	L274	KNOWN	M:Visible opportunity cost
O6419	64	Time, stop rule, minimum dose, no backlog, no FOMO, sovereignty (§85–§89)	Time bank	save unused minutes	carry unused minutes forward	banking	—	—	L	L	backlog by another name	—	No-backlog return	O6406	KNOWN	R:GUILT
O6420	64	Time, stop rule, minimum dose, no backlog, no FOMO, sovereignty (§85–§89)	Sovereignty lesson	rules imposed	a session teaches why the organ limits itself (commitment devices)	meta-teaching	none	owned rules	L	L	none	session exists (commit)	Kill switch as pedagogy	L488	KNOWN	M:Kill switch as pedagogy
O6501	65	Self-improving curriculum, pedagogy, meta and meta-meta (§90–§98)	Season bet scoring	seasons never judged	each season's written bet scored after 30 days; failed bets revise the season	pre-registration	none	curriculum learns	L	L	small n	bets and scores logged	Syllabus as hypothesis	O4103	COMBO	S
O6502	65	Self-improving curriculum, pedagogy, meta and meta-meta (§90–§98)	One pedagogy change per week	too many changes confound	only one teaching change per week, judged after its delay	experimental control	many changes	attributable improvement	L	L	slow	change log	One change per week	L100	KNOWN	M:One change per week
O6503	65	Self-improving curriculum, pedagogy, meta and meta-meta (§90–§98)	Meta-pedagogy log	how we improve teaching isn't tracked	record each method of improving teaching and whether its changes worked	meta-analysis	none	improvement of improvement	L	L	bookkeeping	hit rate per method	One pedagogy change per week	O6502	UNCLEAR	S
O6504	65	Self-improving curriculum, pedagogy, meta and meta-meta (§90–§98)	Meta-meta rule review	the rules for choosing methods fossilise	yearly review of the change-selection rules against the log	institutional review	never	adaptive governance	L	L	churn	yearly note	Meta-pedagogy log	O6503	UNCLEAR	S
O6505	65	Self-improving curriculum, pedagogy, meta and meta-meta (§90–§98)	Simulated-learner harness	changes break sessions	scripted learners (right, wrong, guessing, position-gaming) run every season	test automation	manual QA	safe changes	L	M	unrealistic learners	harness in CI	Simulated learners	L506	KNOWN	M:Simulated learners
O6506	65	Self-improving curriculum, pedagogy, meta and meta-meta (§90–§98)	Linter as constitution	quality depends on the author	tests enforce the session schema, provenance, no open prompts	linters	editorial taste	consistent quality	L	L	rigidity	R20–R22	Session linter	L499	KNOWN	M:Session linter
O6507	65	Self-improving curriculum, pedagogy, meta and meta-meta (§90–§98)	Misconception-driven authoring	new content ignores old errors	new sessions must include distractors for the top bug classes	data-driven design	authors guess	relevant content	L	M	none	bug coverage	Misconception fingerprint	O5907	COMBO	S
O6508	65	Self-improving curriculum, pedagogy, meta and meta-meta (§90–§98)	Representation evolution loop	pictures never improve	tournament over representations with delayed fitness	evolution	fixed	better pictures over time	L	M	small n	fitness trend	Representation tournament	L079	KNOWN	M:Representation tournament
O6509	65	Self-improving curriculum, pedagogy, meta and meta-meta (§90–§98)	Curriculum regression tests	a change breaks an old season	all seasons re-run on the harness at each release	regression testing	none	stability	L	L	none	full test run	Simulated-learner harness	O6505	KNOWN	S
O6510	65	Self-improving curriculum, pedagogy, meta and meta-meta (§90–§98)	Singularity loop criteria	claims of self-improvement are vague	self-improvement claimed only when a metric improves at equal minutes after a logged change	evidence standards	claims	honest recursion	L	L	slow	change → metric evidence	Objective as a vector	O6304	COMBO	S
O6511	65	Self-improving curriculum, pedagogy, meta and meta-meta (§90–§98)	Author assistant with review	authoring is slow	a compiler proposes sessions from primitive specs; a human reviews every claim	compilers with review	hand-written	more seasons	M	M	slop if review is skipped	review gate	Season compiler	L157	COMBO	S
O6512	65	Self-improving curriculum, pedagogy, meta and meta-meta (§90–§98)	Evolving the linter	linter misses new failure modes	every bug found in review adds a lint rule	post-incident rules	none	compounding quality	L	L	rule bloat	rules added per incident	Linter as constitution	O6506	COMBO	S
O6513	65	Self-improving curriculum, pedagogy, meta and meta-meta (§90–§98)	Auto-evolving curriculum without review	speed	the system rewrites sessions itself	autonomous agents	—	—	L	M	fabrication, drift	—	Encyclopedia autocompile	O4515	KNOWN	R:TRUTH
O6514	65	Self-improving curriculum, pedagogy, meta and meta-meta (§90–§98)	Improvement budget	improvement work crowds out teaching	a fixed share of build time for improvement	20% time	none	sustained improvement	L	L	none	time log	Meta-pedagogy log	O6503	KNOWN	S
O6515	65	Self-improving curriculum, pedagogy, meta and meta-meta (§90–§98)	Failure registry	failures forgotten	every failed change recorded with why	post-mortems	none	learning from failure	L	L	none	registry entries	Extinction log	L083	KNOWN	M:Extinction log
O6516	65	Self-improving curriculum, pedagogy, meta and meta-meta (§90–§98)	Pedagogy genome across learners	one learner's data is small	if other learners join, pool anonymised pedagogy results	federated learning	N/A	stronger evidence	M	H	privacy	consent and aggregation tests	Multi-user	L156	KNOWN	S
O6517	65	Self-improving curriculum, pedagogy, meta and meta-meta (§90–§98)	Singularity² check	is the improver improving?	compare hit rates of change-selection methods over years	meta-analysis	never	evidence for recursion	L	L	needs years	yearly comparison	Meta-meta rule review	O6504	UNCLEAR	S
O6518	65	Self-improving curriculum, pedagogy, meta and meta-meta (§90–§98)	Retired-method archive	discarded methods lost	keep dropped methods with reasons (no amputation)	archives	deleted	reconsiderable	L	L	none	archive entries	No-amputation archive	L493	KNOWN	M:No-amputation archive
O6519	65	Self-improving curriculum, pedagogy, meta and meta-meta (§90–§98)	Release notes to the learner	changes invisible	WHY THIS? can show what changed in the organ and why	changelogs	hidden	trust	L	L	clutter	on demand	Transparency reports	L397	KNOWN	M:Transparency reports
O6520	65	Self-improving curriculum, pedagogy, meta and meta-meta (§90–§98)	Self-improvement theatre guard	claims without evidence	no release note may claim improvement without data	claims policy	marketing	honesty	L	L	none	note audit	Singularity loop criteria	O6510	COMBO	S
O6601	66	Unknown donor domains (§117): aviation, chess, jazz, cooking, law, navigation, epidemiology, typography, sports coaching, translation	Aviation checklist for sessions	authors forget steps	a pre-release checklist for each session (provenance, keys, bugs, minutes)	aviation checklists (Gawande)	not used in teaching	fewer errors	L	L	box-ticking	checklist completion	Session linter	L499	COMBO	S
O6602	66	Unknown donor domains (§117): aviation, chess, jazz, cooking, law, navigation, epidemiology, typography, sports coaching, translation	Chess-style puzzle rush with review	pattern speed	timed puzzles followed by slow review of errors	chess training	untimed only	fast recognition with reflection	M	M	stress	review of misses	Fluency rounds	L201	COMBO	S
O6603	66	Unknown donor domains (§117): aviation, chess, jazz, cooking, law, navigation, epidemiology, typography, sports coaching, translation	Jazz trading fours	creative response	alternate: system gives a case, learner picks the analogous case in another field	jazz improvisation	none	fluent analogy	L	M	none	analogy items	Wormhole cases	O4902	UNCLEAR	S
O6604	66	Unknown donor domains (§117): aviation, chess, jazz, cooking, law, navigation, epidemiology, typography, sports coaching, translation	Mise en place	sessions start messy	every session starts with the stakes and terms laid out	professional kitchens	none	smooth flow	L	L	none	structure present	Stakes-first framing	O4212	COMBO	M:Stakes-first framing
O6605	66	Unknown donor domains (§117): aviation, chess, jazz, cooking, law, navigation, epidemiology, typography, sports coaching, translation	Legal precedent reasoning	cases treated separately	a new case decided by which earlier case it most resembles, with the distinguishing feature	common-law reasoning	not used	case-based reasoning	L	M	none	precedent items	Same-shape detector	L019	COMBO	S
O6606	66	Unknown donor domains (§117): aviation, chess, jazz, cooking, law, navigation, epidemiology, typography, sports coaching, translation	Dead reckoning	estimates without anchors	estimate from a known position plus rate × time, then correct with a fix	navigation	not taught	estimation discipline	L	L	none	estimate-and-correct items	Order-of-magnitude sense	O4706	COMBO	S
O6607	66	Unknown donor domains (§117): aviation, chess, jazz, cooking, law, navigation, epidemiology, typography, sports coaching, translation	Outbreak investigation template	causal questions unstructured	case definition → attack rates by exposure → decisive comparison	field epidemiology	not generalised	portable causal method	L	L	none	wedding/illness items	Decisive-question reenactment	O5103	KNOWN	S
O6608	66	Unknown donor domains (§117): aviation, chess, jazz, cooking, law, navigation, epidemiology, typography, sports coaching, translation	Typographic hierarchy	text walls	three levels of emphasis maximum per screen	typography	ignored	readability	L	L	none	lint on emphasis levels	Hierarchy test	O5703	KNOWN	S
O6609	66	Unknown donor domains (§117): aviation, chess, jazz, cooking, law, navigation, epidemiology, typography, sports coaching, translation	Coach's film review	performance unexamined	replay a finished session's committed answers with one coaching point	sports coaching	none	targeted improvement	L	L	none	coaching point per receipt	Evidence-only receipt	O4404	COMBO	S
O6610	66	Unknown donor domains (§117): aviation, chess, jazz, cooking, law, navigation, epidemiology, typography, sports coaching, translation	Back-translation check	Egyptian-Arabic lines drift in meaning	translate the sticky line back to English and compare	translation QA	not done	accurate glosses	L	M	none	back-translation audit	Egyptian-Arabic sticky line	O4303	KNOWN	S
O6611	66	Unknown donor domains (§117): aviation, chess, jazz, cooking, law, navigation, epidemiology, typography, sports coaching, translation	Surgical time-out	the wrong session at the wrong time	before opening, the gate confirms medicine is done and the time is right	surgical safety checklist	none	safety	L	L	none	gate tests	Gate after medicine	O6401	COMBO	M:Gate after medicine
O6612	66	Unknown donor domains (§117): aviation, chess, jazz, cooking, law, navigation, epidemiology, typography, sports coaching, translation	Military after-action review	no learning from sessions	what was expected, what happened, why, what next — from logs only	US Army AAR	none	structured learning	L	L	none	receipt fields	Evidence-only receipt	O4404	KNOWN	M:Evidence-only receipt
O6613	66	Unknown donor domains (§117): aviation, chess, jazz, cooking, law, navigation, epidemiology, typography, sports coaching, translation	Architecture pattern language	design knowledge scattered	session patterns named and reused (contrast pair, boss world, possession)	Alexander's pattern language	ad hoc	consistent design	L	L	none	pattern names in specs	Pattern language	L265	KNOWN	M:Pattern language
O6614	66	Unknown donor domains (§117): aviation, chess, jazz, cooking, law, navigation, epidemiology, typography, sports coaching, translation	Weather-forecast verification	forecasts unscored	every learner forecast scored when resolved	forecast verification	not scored	calibration	L	L	none	Brier	Calibration by confidence tier	O5406	KNOWN	S
O6615	66	Unknown donor domains (§117): aviation, chess, jazz, cooking, law, navigation, epidemiology, typography, sports coaching, translation	Craft guild progression	no apprenticeship path	apprentice (uses sessions) → journeyman (builds models) → master (authors sessions)	guilds	none	long-term path	L	L	hierarchy theatre	evidence per stage	Author a session	O5807	COMBO	S
O6616	66	Unknown donor domains (§117): aviation, chess, jazz, cooking, law, navigation, epidemiology, typography, sports coaching, translation	Monastic hours	time boundaries	fixed contemplative hours	monasteries	—	—	M	L	rigidity, scope	—	Gate after medicine	O6401	KNOWN	R:SCOPE
O6617	66	Unknown donor domains (§117): aviation, chess, jazz, cooking, law, navigation, epidemiology, typography, sports coaching, translation	Ecology succession	curricula static	pioneer primitives first, then those that need them, like succession	ecological succession	fixed order	natural ordering	L	L	metaphor stretch	order vs outcomes	Adjacent-possible choice	O6207	UNCLEAR	S
O6618	66	Unknown donor domains (§117): aviation, chess, jazz, cooking, law, navigation, epidemiology, typography, sports coaching, translation	Translation of registers	one register	the same idea in human, sticky, technical registers	sociolinguistics	one register	reach	L	L	none	three layers	Egyptian-Arabic sticky line	O4303	KNOWN	M:Egyptian-Arabic sticky line
O6619	66	Unknown donor domains (§117): aviation, chess, jazz, cooking, law, navigation, epidemiology, typography, sports coaching, translation	Cartographic generalisation	maps of knowledge too detailed	show fewer features at lower zoom, by rules	cartography	not applied	readable overviews	L	M	none	zoom levels	Model zoom	L124	KNOWN	M:Model zoom
O6620	66	Unknown donor domains (§117): aviation, chess, jazz, cooking, law, navigation, epidemiology, typography, sports coaching, translation	Clinical grand rounds	one case, many lenses	a case examined by several primitives in turn	medical education	not generalised	integration	M	M	none	rounds items	Lens toggle	O5501	COMBO	S
O6701	67	Invention pass: physics (§102)	Conservation bookkeeping	learners lose track of where effort and time go	treat minutes like energy: every minute in a session is accounted to a step and an outcome	conservation laws	time is not budgeted in teaching	no invisible waste	L	L	false precision	minutes per step logged vs outcomes	Life-minutes accounting	L489	COMBO	S
O6702	67	Invention pass: physics (§102)	Equilibrium check	systems described without their resting state	for every loop case, ask where it settles and why	static equilibrium	dynamics taught without end states	predicts long-run behaviour	L	L	none	settle-point items	Loop sense	O4704	COMBO	S
O6703	67	Invention pass: physics (§102)	Phase-transition cases	gradual change assumed	cases where a small change flips a system (bank runs, epidemics above R=1)	phase transitions	linear intuitions	anticipates thresholds	L	M	overusing tipping-point language	threshold items in new domains	Loop sense	O4704	COMBO	S
O6704	67	Invention pass: physics (§102)	Resonance timing	interventions mistimed	show how pushing at the system's own period amplifies (shower, business cycles)	resonance	not taught outside physics	timing sense	L	M	metaphor stretch	timing items	Equilibrium check	O6702	UNCLEAR	S
O6705	67	Invention pass: physics (§102)	Entropy of a curriculum	content decays into disorder	measure disorder as unresolved contradictions and stale claims; schedule clean-ups	entropy	not tracked	orderly knowledge	L	M	metaphor over mechanism	stale-claim and contradiction counts	Half-life tags	O4512	UNCLEAR	S
O6706	67	Invention pass: physics (§102)	Dimensional check on claims	numbers with wrong units pass	every numeric claim carries units; mismatches flagged at build time	dimensional analysis	units omitted in prose	fewer silly errors	L	L	none	build-time unit lint	Dimensional analysis	L341	KNOWN	S
O6707	67	Invention pass: physics (§102)	Scaling laws	size effects ignored	cases where doubling size doesn't double effect (area vs volume, cities)	scaling laws (West)	linear scaling assumed	better estimates	L	M	overgeneralisation	scaling items	Order-of-magnitude sense	O4706	KNOWN	S
O6708	67	Invention pass: physics (§102)	Limiting-case test	models accepted without checks	check a model at its extremes (zero, infinity) before trusting it	limiting cases in physics	not taught	catches broken models	L	L	none	limit items	Invariants	L340	KNOWN	S
O6709	67	Invention pass: physics (§102)	Frame change	one reference frame	re-describe a problem from another frame (per person vs per population)	reference frames	fixed frame	unlocks hard problems	L	L	none	frame items	Scale switch	O5504	COMBO	S
O6710	67	Invention pass: physics (§102)	Superposition of causes	effects blamed on one cause	when causes add, split the effect into parts; when they don't, say why	superposition principle	single-cause stories	cleaner attribution	L	M	non-additive cases	attribution items	Minimum-set puzzle	O6102	COMBO	S
O6711	67	Invention pass: physics (§102)	Friction in learning	small frictions ignored	measure taps and seconds before first decision; remove the largest	friction	UX not measured	lower drop-off	L	L	none	time to first decision	Friction detector	L420	KNOWN	M:Friction detector
O6712	67	Invention pass: physics (§102)	Inertia of habits	old habits resist new ideas	sessions acknowledge the old habit and design a smaller first push	inertia	habits ignored	realistic change	L	L	none	forge completion	Implementation intentions	L300	COMBO	S
O6713	67	Invention pass: physics (§102)	Signal-to-noise per step	steps carry noise	count words that carry the idea vs decoration per step	signal-to-noise ratio	not measured	tighter steps	L	L	gaming by terseness	ratio lint	Complexity meter	O4319	COMBO	S
O6714	67	Invention pass: physics (§102)	Error bars on everything	numbers shown without uncertainty	every estimate in receipts shows n and a range	measurement uncertainty	point estimates	honest reading	L	L	clutter	n shown everywhere (lint)	No inference under n=5	L112	KNOWN	S
O6715	67	Invention pass: physics (§102)	Thought-experiment lab	abstract claims untested	run a thought experiment as a fixed-option prediction, then show the real result	Galileo-style reasoning	stated as fact	reasoning practice	L	M	fake results	sourced results only	Thought experiments as models	L355	KNOWN	M:Thought experiments as models
O6716	67	Invention pass: physics (§102)	Quantum learning	hype	quantum metaphors for learning	pop physics	—	—	L	L	pseudoscience	—	Brain training	L336	KNOWN	R:EVID
O6717	67	Invention pass: physics (§102)	Potential-energy framing	motivation as force	frame curiosity as potential energy	physics metaphor	—	—	L	L	empty metaphor	—	Curiosity first	L326	KNOWN	R:UNTEST
O6718	67	Invention pass: physics (§102)	Orders-of-magnitude ladder	no sense of big and small	one ladder of real magnitudes (seconds to centuries, 1 to 10⁹ people) reused in sessions	Powers of Ten	numbers isolated	calibrated scale sense	L	M	none	estimation error	Sense-of-scale images; Orders of magnitude	O4720 L342	COMBO	S
O6719	67	Invention pass: physics (§102)	Symmetry shortcut	problems solved the long way	items where noticing a symmetry removes the calculation	symmetry arguments	rarely taught	elegant solutions	L	L	none	symmetry items	Symmetry arguments	L345	KNOWN	M:Symmetry arguments
O6720	67	Invention pass: physics (§102)	Measurement disturbs the system	measuring changes behaviour	cases where observation changed the result (Hawthorne-type, targets)	observer effect	measurement assumed neutral	Goodhart generalised	L	M	Hawthorne myths	graded sources	Measurement atom	O4612	COMBO	S
O6801	68	Donor: clinical medicine (diagnosis, triage, rounds, morbidity & mortality)	Differential before diagnosis	the first explanation wins	list competing explanations with what each predicts before choosing	differential diagnosis	not taught outside medicine	fewer premature conclusions	L	L	none	items with competing explanations	Hypothesis tester	L184	COMBO	S
O6802	68	Donor: clinical medicine (diagnosis, triage, rounds, morbidity & mortality)	Triage of ideas	all ideas treated equally	sort incoming ideas into act now / watch / ignore by stakes and evidence	emergency triage	no triage	attention where it matters	L	L	wrong sorting	triage items	Idea antigen test	O5403	UNCLEAR	S
O6803	68	Donor: clinical medicine (diagnosis, triage, rounds, morbidity & mortality)	Pre-test probability habit	tests read without priors	state a prior before reading any evidence	Bayesian diagnosis	evidence read alone	correct updates	L	L	none	prior-first items	Base-rate sense	O4702	COMBO	S
O6804	68	Donor: clinical medicine (diagnosis, triage, rounds, morbidity & mortality)	Morbidity and mortality review	failures hidden	monthly blameless review of the organ's worst session	M&M conferences	no review	systemic fixes	L	L	blame culture	fixes shipped per review	Failure registry	O6515	COMBO	S
O6805	68	Donor: clinical medicine (diagnosis, triage, rounds, morbidity & mortality)	SOAP compression	notes ramble	subjective, objective, assessment, plan as a compression template for any situation	SOAP notes	not transferred	structured thinking	L	L	rigidity	template items	Three-boxes drill	O4301	COMBO	S
O6806	68	Donor: clinical medicine (diagnosis, triage, rounds, morbidity & mortality)	Red-flag lists	dangerous exceptions missed	each primitive lists when it must not be applied	red-flag symptoms	rules without exceptions	safe use	L	L	none	red-flag items	Analogy with a breaking point	O4309	COMBO	S
O6807	68	Donor: clinical medicine (diagnosis, triage, rounds, morbidity & mortality)	Number needed to treat	effects stated as relative risk	convert every effect into 'how many must do this for one to benefit'	NNT	relative risk dominates	honest effect sizes	L	L	none	NNT items	Base-rate sense	O4702	KNOWN	S
O6808	68	Donor: clinical medicine (diagnosis, triage, rounds, morbidity & mortality)	Watchful waiting	action bias	cases where the best choice is to wait and measure	watchful waiting	action rewarded	fewer harmful interventions	L	L	passivity	items where waiting wins	Question budget per decision	O5314	COMBO	S
O6809	68	Donor: clinical medicine (diagnosis, triage, rounds, morbidity & mortality)	Iatrogenic check	fixes cause harm	for each intervention, ask what harm the fix itself causes	iatrogenesis	benefits only	balanced decisions	L	L	none	harm items	Pre-mortem	L198	COMBO	S
O6810	68	Donor: clinical medicine (diagnosis, triage, rounds, morbidity & mortality)	Case presentation drill	cases retold without structure	pick the best one-minute presentation of a case from options	clinical presentations	free-form	compression under pressure	L	L	none	presentation items	Speaking + compression	L459	COMBO	S
O6811	68	Donor: clinical medicine (diagnosis, triage, rounds, morbidity & mortality)	Second-opinion rule	one source trusted	for high-stakes beliefs, require an independent second source	second opinions	single authority	fewer errors	L	M	cost	high-stakes claims with two sources	Evidence consensus	L171	COMBO	S
O6812	68	Donor: clinical medicine (diagnosis, triage, rounds, morbidity & mortality)	Clinical gestalt with checklist	gut vs rules	fast impression first, then a checklist that can overturn it	dual-process diagnosis	one or the other	speed with safety	L	L	none	overturn rate	Intuition audit	O5106	COMBO	M:Intuition audit
O6813	68	Donor: clinical medicine (diagnosis, triage, rounds, morbidity & mortality)	Screening paradox cases	more testing seems always better	cases where screening harms (overdiagnosis)	overdiagnosis research	not taught	calibrated testing	L	M	anti-screening bias	graded sources	Base-rate sense	O4702	KNOWN	S
O6814	68	Donor: clinical medicine (diagnosis, triage, rounds, morbidity & mortality)	Informed-consent framing	decisions made for people	present options with outcomes in counts for a person to choose	shared decision-making	paternalism	respect and clarity	L	M	none	consent-framing items	Counts-first images	O4804	COMBO	S
O6815	68	Donor: clinical medicine (diagnosis, triage, rounds, morbidity & mortality)	Handover protocol	context lost between sessions	each session starts with a structured handover from the last (what was left, what's next)	SBAR handover	no handover	continuity	L	L	none	resume accuracy	Short-dose continuation	O6409	COMBO	S
O6816	68	Donor: clinical medicine (diagnosis, triage, rounds, morbidity & mortality)	Grand-rounds lecture	expert teaching	long expert lectures	grand rounds	—	—	M	L	passive	—	Lecture removal	O4109	KNOWN	R:EVID
O6817	68	Donor: clinical medicine (diagnosis, triage, rounds, morbidity & mortality)	Pimping questions	pressure learning	public high-pressure questioning	clinical 'pimping'	—	—	L	L	humiliation	—	Low-stress framing	L333	KNOWN	R:EVID
O6818	68	Donor: clinical medicine (diagnosis, triage, rounds, morbidity & mortality)	Evidence pyramid tagging	all evidence treated alike	tag each source by design (RCT, cohort, case report, opinion)	evidence-based medicine	not outside medicine	weighted trust	L	L	pyramid dogma	tags present	Replication status tag	O6208	KNOWN	S
O6819	68	Donor: clinical medicine (diagnosis, triage, rounds, morbidity & mortality)	Prognosis before treatment	outcomes unforecast	forecast the course without intervention before choosing one	prognosis	not done	counterfactual baseline	L	L	none	baseline items	Counterfactual self	O6314	COMBO	S
O6820	68	Donor: clinical medicine (diagnosis, triage, rounds, morbidity & mortality)	Medicine-organ firewall	Renaissance could teach wrong medicine	no clinical claim appears without a grade-A source; CNS content never altered	clinical governance	none	safety of the main life	L	L	none	isolation tests	Process isolation	L145	COMBO	S
O6901	69	Donor: law and evidence (burdens, precedent, adversarial process, rules of evidence)	Burden of proof per claim	claims accepted by default	each claim states who must prove what and to what standard	burdens of proof	not taught	clear disputes	L	L	none	burden items	Idea antigen test	O5403	COMBO	S
O6902	69	Donor: law and evidence (burdens, precedent, adversarial process, rules of evidence)	Standards of proof ladder	one threshold for all decisions	match evidence thresholds to stakes (balance of probabilities vs beyond reasonable doubt)	legal standards	one-size thresholds	proportionate decisions	L	L	none	threshold items	Threshold before asking	O5315	COMBO	S
O6903	69	Donor: law and evidence (burdens, precedent, adversarial process, rules of evidence)	Hearsay filter	second-hand claims trusted	flag claims that reach the learner through chains of retelling	hearsay rule	not taught	source awareness	L	L	none	chain items	Primary-number rule	O4201	COMBO	S
O6904	69	Donor: law and evidence (burdens, precedent, adversarial process, rules of evidence)	Adversarial pair	one side presented	a case argued by two sides with the strongest evidence each, then a decision	adversarial process	lecture	judgment	L	M	false balance	decision items	Fair contested positions	L363	COMBO	S
O6905	69	Donor: law and evidence (burdens, precedent, adversarial process, rules of evidence)	Cross-examination questions	claims not probed	choose the question that would expose a weak claim	cross-examination	not taught	sharp probing	L	L	none	probe items	Decisive-question pick	O4302	COMBO	S
O6906	69	Donor: law and evidence (burdens, precedent, adversarial process, rules of evidence)	Precedent distinction	cases matched by surface	decide whether a new case follows a precedent by naming the material difference	distinguishing precedent	surface matching	structure over surface	L	M	none	distinction items	Legal precedent reasoning	O6605	KNOWN	M:Legal precedent reasoning
O6907	69	Donor: law and evidence (burdens, precedent, adversarial process, rules of evidence)	Chain-of-custody for data	data origins unclear	each dataset in a session lists who collected, handled and published it	chain of custody	not tracked	trust	L	L	none	custody fields	Perspective of the data	O5518	COMBO	S
O6908	69	Donor: law and evidence (burdens, precedent, adversarial process, rules of evidence)	Reasonable-person test	judgments idiosyncratic	ask what a reasonable, informed person would do with the same information	reasonable person standard	not used	calibrated judgment	L	L	vagueness	items	Outsider view	O5506	COMBO	S
O6909	69	Donor: law and evidence (burdens, precedent, adversarial process, rules of evidence)	Statute vs spirit	rules followed to the letter against their purpose	cases where following a rule's letter defeats its goal	purposive interpretation	letter taught	Goodhart awareness	L	L	none	items	Building codes and Goodhart	L272	COMBO	R:DUP
O6910	69	Donor: law and evidence (burdens, precedent, adversarial process, rules of evidence)	Mens rea for errors	all errors treated the same	classify an error as slip, mistake or knowledge gap before repair	error taxonomy (Reason)	one repair for all	right repair	L	L	none	classification items	Cause-typed repair router	O4312	COMBO	S
O6911	69	Donor: law and evidence (burdens, precedent, adversarial process, rules of evidence)	Appeal with evidence	the learner disagrees with a key	an appeal button requires choosing the evidence; appeals are logged and reviewed	appeals	keys final	keys improve	L	M	abuse	appeals reviewed	Appeals	L396	KNOWN	M:Appeals
O6912	69	Donor: law and evidence (burdens, precedent, adversarial process, rules of evidence)	Dissenting opinion	majority view only	each contested case shows the best dissent	dissents	consensus only	humility	L	L	none	dissent present	Expert disagreement at the frontier	O6217	COMBO	S
O6913	69	Donor: law and evidence (burdens, precedent, adversarial process, rules of evidence)	Discovery obligation	inconvenient evidence hidden	sessions must show the strongest evidence against their own claim	legal discovery	one-sided teaching	honest teaching	L	M	clutter	counter-evidence present (lint)	Ideological capture check	O5413	COMBO	S
O6914	69	Donor: law and evidence (burdens, precedent, adversarial process, rules of evidence)	Moot court	arguing practice	full mock trials	moot court	—	—	H	M	time, open-ended	—	Adversarial pair	O6904	KNOWN	R:COST
O6915	69	Donor: law and evidence (burdens, precedent, adversarial process, rules of evidence)	Legal vocabulary course	law literacy	teach legal terms	law school	—	—	M	L	scope	—	Standards of proof ladder	O6902	KNOWN	R:SCOPE
O6916	69	Donor: law and evidence (burdens, precedent, adversarial process, rules of evidence)	Presumption reversal	presumptions hide assumptions	flip the default presumption and see if the conclusion survives	presumptions in law	not taught	assumption testing	L	L	none	flip items	Hidden-assumption finder	L353	COMBO	S
O6917	69	Donor: law and evidence (burdens, precedent, adversarial process, rules of evidence)	Admissibility screen	irrelevant evidence sways	before weighing, drop evidence that doesn't bear on the question	rules of evidence	everything counted	cleaner reasoning	L	L	none	admissibility items	Question value test	O5301	COMBO	S
O6918	69	Donor: law and evidence (burdens, precedent, adversarial process, rules of evidence)	Sentencing guidelines for bugs	repair effort arbitrary	repair intensity set by bug severity and recurrence	sentencing guidelines	arbitrary	proportionate repair	L	L	none	repair allocation	Misconception fingerprint	O5907	UNCLEAR	S
O6919	69	Donor: law and evidence (burdens, precedent, adversarial process, rules of evidence)	Contract clarity	commitments vague	forge commitments phrased as specific, checkable clauses	contract drafting	vague resolutions	enforceable self-commitments	L	L	none	clause specificity	Contract with the future self	L482	COMBO	S
O6920	69	Donor: law and evidence (burdens, precedent, adversarial process, rules of evidence)	Jurisdiction check	rules applied outside their domain	ask where a primitive applies and where it doesn't	jurisdiction	universal claims	scope awareness	L	L	none	scope items	Red-flag lists	O6806	COMBO	S
O7001	70	Donor: ecology and epidemiology (R₀, carrying capacity, keystones, succession, surveillance)	Reproduction number for ideas	why some ideas spread in a mind and others die	estimate how many later uses each idea generates; ideas below 1 fade	R₀	not measured	invest in ideas that propagate	L	M	noisy estimates	uses per idea over months	Mechanism passport	O5016	UNCLEAR	S
O7002	70	Donor: ecology and epidemiology (R₀, carrying capacity, keystones, succession, surveillance)	Carrying capacity of attention	load grows without limit	a hard ceiling on active primitives; new ones retire old ones	carrying capacity	unbounded syllabi	sustainable load	L	L	premature retirement	active count stays under cap	Hook budget cap	O5618	COMBO	S
O7003	70	Donor: ecology and epidemiology (R₀, carrying capacity, keystones, succession, surveillance)	Keystone primitives	some ideas hold others up	identify primitives whose loss breaks several others (base rate, selection)	keystone species	all ideas equal	protect what matters	L	M	misidentification	dependency analysis	Compression ratio per idea	O4910	UNCLEAR	S
O7004	70	Donor: ecology and epidemiology (R₀, carrying capacity, keystones, succession, surveillance)	Attack-rate table	causes guessed	exposure-by-outcome tables for any outbreak-like problem	field epidemiology	not generalised	portable causal method	L	L	none	table items	Outbreak investigation template	O6607	KNOWN	M:Outbreak investigation template
O7005	70	Donor: ecology and epidemiology (R₀, carrying capacity, keystones, succession, surveillance)	Surveillance for misconceptions	misconceptions spread silently	routine counting of bug classes like disease surveillance, with thresholds for action	public-health surveillance	not monitored	early repair	L	L	false alarms	threshold triggers	Misconception fingerprint	O5907	COMBO	S
O7006	70	Donor: ecology and epidemiology (R₀, carrying capacity, keystones, succession, surveillance)	Herd immunity for bad ideas	one learner alone	if co-op partners learn the same inoculation, bad ideas spread less between them	herd immunity	individual only	social resistance	M	L	scope	co-op pairs	Inoculation cases	O5404	UNCLEAR	S
O7007	70	Donor: ecology and epidemiology (R₀, carrying capacity, keystones, succession, surveillance)	Succession of skills	order of learning arbitrary	pioneer skills first (counting, filtering), then those that need them	ecological succession	fixed syllabus order	natural order	L	L	metaphor stretch	order vs outcomes	Ecology succession	O6617	UNCLEAR	M:Ecology succession
O7008	70	Donor: ecology and epidemiology (R₀, carrying capacity, keystones, succession, surveillance)	Edge effects	most learning at boundaries	sessions deliberately placed at the boundary of two known domains	ecotones	centre of subjects	richer transfer	L	M	confusion	boundary items	Wormhole cases	O4902	UNCLEAR	S
O7009	70	Donor: ecology and epidemiology (R₀, carrying capacity, keystones, succession, surveillance)	Incubation period	effects expected immediately	judge a teaching change only after its incubation (delay)	incubation	immediate evaluation	correct attribution	L	L	slow	delay-aware evaluation	Delay-aware evaluation	L094	KNOWN	M:Delay-aware evaluation
O7010	70	Donor: ecology and epidemiology (R₀, carrying capacity, keystones, succession, surveillance)	Case definition first	counting fuzzy categories	define what counts as a case before counting	case definitions	fuzzy counts	reliable counts	L	L	none	definition items	Measurement design	L189	KNOWN	S
O7011	70	Donor: ecology and epidemiology (R₀, carrying capacity, keystones, succession, surveillance)	Confounding by indication	treatments look harmful because the sick get them	cases where the reason for treatment explains the outcome	confounding by indication	not taught	sharper causal reading	L	M	none	items	Filter sense	O4703	KNOWN	S
O7012	70	Donor: ecology and epidemiology (R₀, carrying capacity, keystones, succession, surveillance)	Dose–response criterion	causation claimed from a single contrast	ask whether more exposure gives more effect	Bradford Hill criteria	not taught outside epidemiology	stronger causal checks	L	L	none	dose items	Minimum dose estimate	O6408	KNOWN	S
O7013	70	Donor: ecology and epidemiology (R₀, carrying capacity, keystones, succession, surveillance)	Natural experiment hunt	no trial possible	look for situations that assigned exposure as if at random	natural experiments	rare	causal evidence cheaply	L	M	false naturalness	items	Controlled-comparison design	L188	KNOWN	S
O7014	70	Donor: ecology and epidemiology (R₀, carrying capacity, keystones, succession, surveillance)	Food-web of ideas	ideas depend on each other invisibly	draw which primitives feed which (fixed options)	food webs	not shown	structure of knowledge	L	M	clutter	items	Mechanism genealogy	O4510	COMBO	R:DUP
O7015	70	Donor: ecology and epidemiology (R₀, carrying capacity, keystones, succession, surveillance)	Invasive-idea check	an attractive idea crowds out better ones	watch for one primitive being applied everywhere (the hammer)	invasive species	not monitored	balanced toolkit	L	L	none	overuse detector	Specialization alarm	O5003	UNCLEAR	S
O7016	70	Donor: ecology and epidemiology (R₀, carrying capacity, keystones, succession, surveillance)	Biodiversity index of cases	cases too similar	diversity index over case domains per season	diversity indices	not measured	richer transfer	L	L	index gaming	index per season	Case-origin bias audit	L371	COMBO	S
O7017	70	Donor: ecology and epidemiology (R₀, carrying capacity, keystones, succession, surveillance)	Epidemic curves for engagement	engagement spikes	plot daily sessions like an epidemic curve	epi curves	—	—	L	L	engagement as target	—	Satisfaction firewall	O4407	KNOWN	R:SLOP
O7018	70	Donor: ecology and epidemiology (R₀, carrying capacity, keystones, succession, surveillance)	Contact tracing of errors	where did a misconception come from?	trace a recurring error to the session that planted or failed to fix it	contact tracing	not traced	fix at the source	L	M	none	trace results	Boss post-mortem	O6117	COMBO	S
O7019	70	Donor: ecology and epidemiology (R₀, carrying capacity, keystones, succession, surveillance)	Resilience after disturbance	a missed week breaks progress	measure recovery time of hook accuracy after breaks	ecological resilience	not measured	robust design	L	L	none	recovery times	No-backlog return	O6406	UNCLEAR	S
O7020	70	Donor: ecology and epidemiology (R₀, carrying capacity, keystones, succession, surveillance)	Niche partitioning of sessions	sessions compete for the same slot	each session type owns a niche (warm-up, main, forge)	niche partitioning	ad hoc	clear structure	L	L	rigidity	structure present	Session standard	L407	COMBO	S
O7101	71	Donor: sports science and coaching (periodisation, taper, deliberate practice, recovery)	Periodised seasons	effort flat all year	alternate build weeks, consolidation weeks and rest weeks around the exam calendar	periodisation (Bompa)	uniform pace	peaks where they matter	L	L	rigidity	weekly minutes pattern	Calendar feedforward	L098	COMBO	S
O7102	71	Donor: sports science and coaching (periodisation, taper, deliberate practice, recovery)	Taper before exams	new learning before exams	no new primitives in the 10 days before a major exam; hooks only	tapering	cramming	protects exam performance	L	L	none	gate behaviour	Exam-weekend shutdown	O6404	COMBO	S
O7103	71	Donor: sports science and coaching (periodisation, taper, deliberate practice, recovery)	Deliberate-practice targeting	practice repeats strengths	practise at the edge: items chosen where accuracy is 50–80%	deliberate practice (Ericsson)	comfortable practice	faster gains	L	M	frustration	item accuracy distribution	Success-rate controller	L093	KNOWN	M:Success-rate controller
O7104	71	Donor: sports science and coaching (periodisation, taper, deliberate practice, recovery)	Recovery as training	rest seen as lost time	rest days are part of the plan; the organ shuts on them	recovery science	rest ignored	consolidation	L	L	none	rest-day gate	Sleep spacing	L328	COMBO	S
O7105	71	Donor: sports science and coaching (periodisation, taper, deliberate practice, recovery)	Film study of own play	performance unexamined	replay committed answers of a finished session with one coaching note	game film	not done	targeted improvement	L	L	none	note per receipt	Coach's film review	O6609	KNOWN	R:DUP
O7106	71	Donor: sports science and coaching (periodisation, taper, deliberate practice, recovery)	Skill decomposition drills	complex skills practised whole	isolate the weakest atom in a compound skill and drill it	part-task training	whole-task only	efficient improvement	L	M	fragmentation	atom accuracy after drills	Compound capabilities	O4605	COMBO	S
O7107	71	Donor: sports science and coaching (periodisation, taper, deliberate practice, recovery)	Constraint-led coaching	instructions over environment	shape the task so the right move emerges instead of being told	constraints-led approach	instruction-heavy	robust skills	L	M	unclear tasks	items with designed constraints	Constraint as muse	O5803	COMBO	S
O7108	71	Donor: sports science and coaching (periodisation, taper, deliberate practice, recovery)	Load monitoring	overtraining	acute vs chronic load ratio on weekly minutes; spikes trigger shrink	acute:chronic workload ratio	not monitored	avoids burnout	L	L	false alarms	ratio in gate	Weekly cap with shrink	O6402	COMBO	S
O7109	71	Donor: sports science and coaching (periodisation, taper, deliberate practice, recovery)	Game-speed practice	practice slower than use	some items timed at real-life speed (quick decisions)	specificity principle	untimed only	transfer to real pace	L	L	stress	timed items	Fluency rounds	L201	COMBO	S
O7110	71	Donor: sports science and coaching (periodisation, taper, deliberate practice, recovery)	Coach's single cue	too much feedback	one cue per session, not ten	coaching cues	feedback overload	retained feedback	L	L	none	one-cue receipts	Evidence-only receipt	O4404	COMBO	S
O7111	71	Donor: sports science and coaching (periodisation, taper, deliberate practice, recovery)	Variable practice	same drill repeated	vary surface features of practice items	variability of practice	blocked drills	transfer	L	L	none	variation per primitive	Surface variation	L206	KNOWN	M:Surface variation
O7112	71	Donor: sports science and coaching (periodisation, taper, deliberate practice, recovery)	Pre-performance routine	sessions start cold	a fixed 30-second opening (stakes, question) every session	pre-performance routines	no routine	focus	L	L	ritual without function	structure present	Mise en place	O6604	COMBO	M:Mise en place
O7113	71	Donor: sports science and coaching (periodisation, taper, deliberate practice, recovery)	Scouting report	entering a domain blind	before a new domain, a one-screen report of its patterns and traps	opposition scouting	no preparation	faster orientation	L	M	none	orientation time	Domain entry kit	O4506	COMBO	M:Domain entry kit
O7114	71	Donor: sports science and coaching (periodisation, taper, deliberate practice, recovery)	Performance vs learning split	practice scores mistaken for learning	separate in-session scores from delayed scores in every report	performance–learning distinction (Soderstrom & Bjork 2015)	blurred	honest progress	L	L	none	two scores in receipts	Delayed proof	L004	KNOWN	S
O7115	71	Donor: sports science and coaching (periodisation, taper, deliberate practice, recovery)	Athlete-centred choice	coach decides everything	the learner chooses between two next sessions with evidence	athlete-centred coaching	prescribed	ownership	L	L	worse choices	choice vs outcome	Adjacent-possible choice	O6207	COMBO	S
O7116	71	Donor: sports science and coaching (periodisation, taper, deliberate practice, recovery)	Hydration and nutrition tips	physical readiness	diet tips before sessions	sports nutrition	—	—	L	L	scope, weak evidence	—	Exercise before learning	L332	KNOWN	R:SCOPE
O7117	71	Donor: sports science and coaching (periodisation, taper, deliberate practice, recovery)	Talent ID tests	find gifts	aptitude tests to choose domains	talent identification	—	—	L	L	labels limit learners	—	IQ objective	O6312	KNOWN	R:EVID
O7118	71	Donor: sports science and coaching (periodisation, taper, deliberate practice, recovery)	Tactical timeouts	a session going badly	a pause that offers a different representation or a stop, never pressure	timeouts	push through	recoverable sessions	L	L	none	x-ray use	Cause-typed repair router	O4312	COMBO	S
O7119	71	Donor: sports science and coaching (periodisation, taper, deliberate practice, recovery)	Season review with the coach	no season-level reflection	season receipt: bet, result, what changes next season (from logs)	end-of-season review	none	season learning	L	L	none	season receipts	Season bet scoring	O6501	COMBO	S
O7120	71	Donor: sports science and coaching (periodisation, taper, deliberate practice, recovery)	Transfer to competition	practice without real use	each season names one real 'competition' (a case at work, a decision) where the ideas will be used	competition as test	none	reality focus	L	L	none	reality taps	Agency metric	O6309	COMBO	S
O7201	72	Donor: reliability and safety engineering (FMEA, fault trees, redundancy, margins, drills)	Failure-mode table per session	sessions fail in predictable ways	list how each session can fail (misread picture, missing step) with a mitigation	FMEA	not done	robust sessions	L	M	paperwork	table per season	Pre-mortem critique	O5805	COMBO	S
O7202	72	Donor: reliability and safety engineering (FMEA, fault trees, redundancy, margins, drills)	Fault tree of a wrong answer	why did the learner miss?	trace a miss down branches (word, picture, step, care, bug) to the root	fault-tree analysis	not traced	root-cause repair	L	L	none	tree per miss type	Cause-typed repair router	O4312	COMBO	S
O7203	72	Donor: reliability and safety engineering (FMEA, fault trees, redundancy, margins, drills)	Safety margin on time	sessions run over	plan sessions to 80% of the dose, leaving margin	safety factors	plans at 100%	fewer overruns	L	L	shorter content	overrun rate	Hard minute budget	O4314	COMBO	S
O7204	72	Donor: reliability and safety engineering (FMEA, fault trees, redundancy, margins, drills)	Redundant representation for key ideas	one picture fails	every keystone primitive has two independent representations	redundancy	one picture	robust understanding	L	M	clutter	rep count per keystone	Redundant encoding	L108	KNOWN	M:Redundant encoding
O7205	72	Donor: reliability and safety engineering (FMEA, fault trees, redundancy, margins, drills)	Graceful degradation	a failure breaks the whole app	if a model or picture fails, the step still works as text	graceful degradation	brittle	resilience	L	L	none	error tests	Crash recovery	L155	KNOWN	S
O7206	72	Donor: reliability and safety engineering (FMEA, fault trees, redundancy, margins, drills)	Swiss-cheese review	single defences fail	several independent checks (linter, provenance, harness, human review) so holes don't align	Swiss-cheese model (Reason)	one check	fewer escapes	L	M	overhead	escaped-defect rate	Linter as constitution	O6506	KNOWN	S
O7207	72	Donor: reliability and safety engineering (FMEA, fault trees, redundancy, margins, drills)	Near-miss reporting	near-misses ignored	log almost-errors (a guess that happened to be right) as signals	near-miss reporting	only errors counted	earlier fixes	L	L	noise	guess-right counts	Calibration by confidence tier	O5406	COMBO	S
O7208	72	Donor: reliability and safety engineering (FMEA, fault trees, redundancy, margins, drills)	Stress test of the gate	rules break at edges	automated tests at every edge (midnight, exam weekend, cap boundary)	stress testing	happy path only	reliable rules	L	L	none	gate tests	Gate after medicine	O6401	KNOWN	S
O7209	72	Donor: reliability and safety engineering (FMEA, fault trees, redundancy, margins, drills)	Poka-yoke inputs	wrong taps	make wrong actions impossible (commit disabled until a choice)	mistake-proofing	allow errors	clean data	L	L	none	UI tests	One decision per screen	O4307	KNOWN	S
O7210	72	Donor: reliability and safety engineering (FMEA, fault trees, redundancy, margins, drills)	Mean time to recovery	how fast does a confused learner recover?	time from THIS DIDN'T CLICK to next right answer	MTTR	not measured	better repairs	L	L	none	MTTR per cause	X-ray repair success	O5919	COMBO	S
O7211	72	Donor: reliability and safety engineering (FMEA, fault trees, redundancy, margins, drills)	Single-point-of-failure audit	one failure stops everything	list components whose failure stops learning; add fallbacks	SPOF analysis	not audited	resilience	L	L	none	audit list	No single point of failure	L406	KNOWN	M:No single point of failure
O7212	72	Donor: reliability and safety engineering (FMEA, fault trees, redundancy, margins, drills)	Fail-safe default	on uncertainty the organ might run anyway	when the gate can't read CNS state, the organ stays shut	fail-safe design	fail-open	medicine protected	L	L	none	gate test with missing state	Gate after medicine	O6401	COMBO	S
O7213	72	Donor: reliability and safety engineering (FMEA, fault trees, redundancy, margins, drills)	Drills for rare events	rare situations unpractised	rare but important cases (a bank run, a false alarm) drilled periodically	emergency drills	never practised	readiness	L	L	none	rare-case hooks	Boss replay later	O6110	COMBO	S
O7214	72	Donor: reliability and safety engineering (FMEA, fault trees, redundancy, margins, drills)	Tolerance stack-up	small errors add up	cases where small approximations compound (rounded percentages)	tolerance analysis	not taught	numerical care	L	L	none	items	Error bars on everything	O6714	COMBO	S
O7215	72	Donor: reliability and safety engineering (FMEA, fault trees, redundancy, margins, drills)	Reliability certification	prove reliability	external certification of the app	ISO certification	—	—	H	H	cost, scope	—	Unbundled credential	O4106	KNOWN	R:COST
O7216	72	Donor: reliability and safety engineering (FMEA, fault trees, redundancy, margins, drills)	Six-sigma learning	defect-free learning	statistical process control on answers	six sigma	—	—	M	M	wrong fit to learning	—	Success-rate controller	L093	KNOWN	R:EVID
O7217	72	Donor: reliability and safety engineering (FMEA, fault trees, redundancy, margins, drills)	Change freeze before exams	updates break things at the worst time	no organ updates in exam weeks	change freezes	continuous change	stability	L	L	delayed fixes	release calendar	Taper before exams	O7102	COMBO	S
O7218	72	Donor: reliability and safety engineering (FMEA, fault trees, redundancy, margins, drills)	Blameless post-incident notes	failures hidden or blamed	every failed session produces a short blameless note with one fix	blameless post-mortems	blame	learning organisation	L	L	paperwork	notes per incident	Morbidity and mortality review	O6804	COMBO	M:Morbidity and mortality review
O7219	72	Donor: reliability and safety engineering (FMEA, fault trees, redundancy, margins, drills)	Monitoring without surveillance	measuring the learner can feel like watching	only events needed for the objective are logged; nothing else	data minimisation	log everything	trust	L	L	less data	logged fields audit	Twin privacy boundary	O5911	COMBO	S
O7220	72	Donor: reliability and safety engineering (FMEA, fault trees, redundancy, margins, drills)	Design margin for attention	sessions assume full attention	sessions designed to work at 70% attention (short steps, recaps in feedback)	design margins	ideal-user design	robust to tired days	L	L	slower for fresh days	short-dose outcomes	Safety margin on time	O7203	UNCLEAR	S
